Type,Name,Request Count,Failure Count,Median Response Time,Average Response Time,Min Response Time,Max Response Time,Average Content Size,Requests/s,Failures/s,50%,66%,75%,80%,90%,95%,98%,99%,99.9%,99.99%,100%
GET,/createlayer,19303,0,14,31.70244846210661,3.339149057865143,466.9025391340256,38.0,62.367395953456786,0.0,14,25,38,46,73,120,180,230,360,470,470
GET,/createproject,19180,0,26,57.72585355899101,8.676467463374138,444.6942312642932,102.0,61.969986757877074,0.0,26,44,73,98,160,190,240,270,380,440,440
POST,/survey,112289,0,9,16.689254315686693,1.8892604857683182,314.4134944304824,99.0,362.8022858735797,0.0,9,14,18,21,34,55,99,130,220,250,310
,Aggregated,150772,0,11,23.83170556721165,1.8892604857683182,466.9025391340256,91.57194306635185,487.1396685849136,0.0,11,18,23,28,52,97,160,200,330,400,470
