Type,Name,Request Count,Failure Count,Median Response Time,Average Response Time,Min Response Time,Max Response Time,Average Content Size,Requests/s,Failures/s,50%,66%,75%,80%,90%,95%,98%,99%,99.9%,99.99%,100%
GET,/calculate,44993,0,47,93.99077509089057,8.16886406391859,550.3104319795966,18.0,145.4621991547763,0.0,47,110,150,170,240,300,360,390,480,510,550
GET,/transform,45285,0,2700.0,2642.3132994018893,72.04609829932451,3234.107150696218,36.0,146.40623405249804,0.0,2700,2800,2800,2900,2900,3000,3000,3100,3200,3200,3200
,Aggregated,90278,0,620.0,1372.2732526981051,8.16886406391859,3234.107150696218,27.029110082190567,291.86843320727434,0.0,620,2600,2700,2700,2900,2900,3000,3000,3100,3200,3200
