Type,Name,Request Count,Failure Count,Median Response Time,Average Response Time,Min Response Time,Max Response Time,Average Content Size,Requests/s,Failures/s,50%,66%,75%,80%,90%,95%,98%,99%,99.9%,99.99%,100%
GET,/calculate,45236,0,40,85.54745648536877,8.275585249066353,594.6278348565102,18.0,145.75887292197743,0.0,40,96,130,160,220,270,320,350,440,580,590
GET,/transform,45545,0,2700.0,2636.4045526557065,222.1636362373829,3101.5744041651487,36.0,146.7545288538213,0.0,2700,2700,2800,2800,2800,2900,2900,2900,3000,3100,3100
,Aggregated,90781,0,580.0,1365.3173030950998,8.275585249066353,3101.5744041651487,27.030634163536423,292.51340177579874,0.0,580,2600,2700,2700,2800,2800,2900,2900,3000,3100,3100
