Type,Name,Request Count,Failure Count,Median Response Time,Average Response Time,Min Response Time,Max Response Time,Average Content Size,Requests/s,Failures/s,50%,66%,75%,80%,90%,95%,98%,99%,99.9%,99.99%,100%
GET,/createlayer,1957,0,12,26.773381566625957,4.1607460007071495,139.6063920110464,38.0,6.3253371724275445,0.0,12,32,40,45,61,77,96,100,130,140,140
GET,/createproject,1944,0,24,64.10567994026367,9.313531219959259,342.26328879594803,102.0,6.283319092079277,0.0,24,79,110,130,150,180,210,240,340,340,340
POST,/survey,11221,0,6,7.149694117280625,2.068012021481991,112.72667907178402,99.0,36.268067660607805,0.0,6,7,7,8,10,14,20,26,47,77,110
,Aggregated,15122,0,7,17.011219892855806,2.068012021481991,342.26328879594803,91.4914032535379,48.876723925114625,0.0,7,9,11,17,34,79,140,160,240,340,340
