Type,Name,Request Count,Failure Count,Median Response Time,Average Response Time,Min Response Time,Max Response Time,Average Content Size,Requests/s,Failures/s,50%,66%,75%,80%,90%,95%,98%,99%,99.9%,99.99%,100%
GET,/createlayer,19280,0,17,37.81623224026419,3.1505096703767776,585.6660325080156,38.0,62.28727682091442,0.0,17,36,48,56,81,130,220,280,530,590,590
GET,/createproject,19150,0,41,75.29887472267211,8.91521293669939,558.460395783186,102.0,61.86728999587714,0.0,41,94,120,140,180,210,240,270,390,540,560
POST,/survey,112257,0,8,15.225454174160083,1.7892047762870789,499.5360104367137,99.0,362.6650847554663,0.0,8,11,15,18,30,49,94,140,340,440,500
,Aggregated,150687,0,10,25.75029178203928,1.7892047762870789,585.6660325080156,91.57646645032418,486.8196515722579,0.0,10,17,22,29,63,120,180,220,370,540,590
