Type,Name,Request Count,Failure Count,Median Response Time,Average Response Time,Min Response Time,Max Response Time,Average Content Size,Requests/s,Failures/s,50%,66%,75%,80%,90%,95%,98%,99%,99.9%,99.99%,100%
GET,/calculate,35583,0,41,82.92511818818538,8.595511317253113,533.6211202666163,18.0,115.04373963251236,0.0,41,81,120,150,220,270,330,360,460,510,530
GET,/transform,35828,0,180.0,198.52761674909016,61.980982311069965,887.5939846038818,36.0,115.83585148957796,0.0,180,220,240,260,320,370,440,480,850,880,890
,Aggregated,71411,0,130.0,140.9246745372086,8.595511317253113,887.5939846038818,27.03087759588859,230.87959112209032,0.0,130,180,210,230,280,330,410,450,620,870,890
