Type,Name,Request Count,Failure Count,Median Response Time,Average Response Time,Min Response Time,Max Response Time,Average Content Size,Requests/s,Failures/s,50%,66%,75%,80%,90%,95%,98%,99%,99.9%,99.99%,100%
GET,/,15292,0,290.0,303.25367785214337,16.321667470037937,893.3822857216,8649.0,49.47004522561168,0.0,290,340,360,380,450,500,570,620,780,860,890
GET,/basket.html,14415,0,310.0,310.4171904873851,3.463911823928356,789.5436994731426,23388.0,46.63292583881718,0.0,310,350,380,390,440,490,550,580,740,790,790
POST,/cart,88049,1,370.0,368.35222386624133,18.284483812749386,884.018836542964,0.00012493043646151576,284.84096338411473,0.00323502780706328,370,410,440,460,510,550,600,640,770,820,880
GET,/catalogue,15120,0,320.0,325.0568591322498,4.294238053262234,827.1595118567348,2795.0,48.91362044279679,0.0,320,360,390,410,470,520,580,620,780,830,830
GET,/category.html,15152,0,320.0,316.5906908877151,4.231162369251251,823.35424143821,11518.0,49.01714133262281,0.0,320,360,390,400,450,500,550,580,750,810,820
GET,/login,15273,0,350.0,361.3753275804801,67.23277177661657,854.7616740688682,13.0,49.408579697277474,0.0,350,400,440,460,530,580,640,680,800,850,850
POST,/orders,14311,14311,410.0,413.8828342100152,93.18250603973866,879.0927557274699,227.0,46.2964829468826,46.2964829468826,410,460,490,510,560,600,660,700,810,880,880
,Aggregated,177612,14312,350.0,353.01256941375465,3.463911823928356,893.3822857216,3882.7715525977974,574.5797588681232,46.29971797468966,350,400,430,450,500,550,600,650,780,830,890
