Type,Name,Request Count,Failure Count,Median Response Time,Average Response Time,Min Response Time,Max Response Time,Average Content Size,Requests/s,Failures/s,50%,66%,75%,80%,90%,95%,98%,99%,99.9%,99.99%,100%
GET,/createlayer,19326,0,14,32.91845558061625,3.282765857875347,647.3969081416726,38.0,62.39754783747559,0.0,14,24,35,43,71,120,190,270,640,650,650
GET,/createproject,19179,0,26,53.90773134613843,7.846493273973465,582.40338973701,102.0,61.922931282983775,0.0,26,39,60,86,150,180,220,260,410,540,580
POST,/survey,112391,0,9,17.85584192529564,1.9649844616651535,348.7024763599038,99.0,362.87502840741587,0.0,9,15,19,22,34,55,120,160,300,330,350
,Aggregated,150896,0,12,24.367209083504406,1.9649844616651535,647.3969081416726,91.5687294560492,487.19550752787524,0.0,12,19,24,28,50,98,160,200,370,640,650
