Type,Name,Request Count,Failure Count,Median Response Time,Average Response Time,Min Response Time,Max Response Time,Average Content Size,Requests/s,Failures/s,50%,66%,75%,80%,90%,95%,98%,99%,99.9%,99.99%,100%
GET,/,1939,0,5,7.73462382024668,1.9634952768683434,71.84981741011143,8649.0,6.2718122070698294,0.0,5,6,8,9,14,26,46,52,63,72,72
GET,/basket.html,1853,0,6,6.927195297130944,2.039598301053047,68.95621493458748,23388.0,5.99364003078927,0.0,6,7,8,9,12,15,22,27,62,69,69
POST,/cart,11164,0,24,26.00396444461439,10.954990983009338,99.39310234040022,0.0,36.110629953443826,0.0,24,28,31,33,38,44,54,63,80,86,99
GET,/catalogue,1924,0,8,10.570440901706688,3.741057589650154,78.31433415412903,2795.0,6.223293804230197,0.0,8,10,12,13,18,25,49,53,78,78,78
GET,/category.html,1924,0,5,7.299252200035259,1.8615229055285454,52.63700149953365,11518.0,6.223293804230197,0.0,5,7,9,10,15,19,25,29,51,53,53
GET,/login,1939,0,55,55.93851779920422,8.76700785011053,119.18120551854372,13.0,6.2718122070698294,0.0,55,57,59,60,65,75,97,100,120,120,120
POST,/orders,1839,1839,63,57.380522950235886,14.560626819729805,261.26108691096306,227.0,5.948356188138946,5.948356188138946,63,67,71,72,78,84,98,110,240,260,260
,Aggregated,22582,1839,21,25.086823345080564,1.8615229055285454,261.26108691096306,3900.861172615357,73.04283819497209,5.948356188138946,21,28,33,38,56,64,74,80,110,230,260
