Type,Name,Request Count,Failure Count,Median Response Time,Average Response Time,Min Response Time,Max Response Time,Average Content Size,Requests/s,Failures/s,50%,66%,75%,80%,90%,95%,98%,99%,99.9%,99.99%,100%
GET,/calculate,45741,0,17,22.35470022872634,8.183241821825504,283.5922986268997,18.0,147.92766773878023,0.0,17,19,21,22,30,60,97,120,190,270,280
GET,/transform,46053,0,2600.0,2597.391809761407,84.9465699866414,3046.4061573147774,36.0,148.93668442697023,0.0,2600,2700,2700,2700,2800,2800,2900,2900,3000,3000,3000
,Aggregated,91794,0,590.0,1314.249421074401,8.183241821825504,3046.4061573147774,27.03059023465586,296.86435216575046,0.0,590,2600,2600,2700,2700,2800,2900,2900,3000,3000,3000
