Type,Name,Request Count,Failure Count,Median Response Time,Average Response Time,Min Response Time,Max Response Time,Average Content Size,Requests/s,Failures/s,50%,66%,75%,80%,90%,95%,98%,99%,99.9%,99.99%,100%
GET,/createlayer,19378,0,10,23.8993107206179,3.0850227922201157,537.5378085300326,38.0,62.64982111839736,0.0,10,13,17,20,43,110,200,250,480,520,540
GET,/createproject,19246,0,21,30.350842796857215,8.905154652893543,389.4127057865262,102.0,62.223060029140036,0.0,21,25,29,33,52,83,120,160,290,330,390
POST,/survey,112605,0,8,15.074116100558927,1.963278278708458,386.10525242984295,99.0,364.0563064834934,0.0,8,12,16,19,31,47,77,110,280,310,390
,Aggregated,151229,0,10,18.149124884221184,1.963278278708458,537.5378085300326,91.56544710339948,488.9291876310308,0.0,10,16,19,22,35,56,100,150,300,480,540
