Type,Name,Request Count,Failure Count,Median Response Time,Average Response Time,Min Response Time,Max Response Time,Average Content Size,Requests/s,Failures/s,50%,66%,75%,80%,90%,95%,98%,99%,99.9%,99.99%,100%
GET,/calculate,45271,0,17,22.74968887293489,7.497048005461693,317.13435985147953,18.0,146.45483659889362,0.0,17,19,21,22,31,63,99,130,230,310,320
GET,/transform,45561,0,2700.0,2678.5420470652725,255.07025700062513,3168.1913239881396,36.0,147.39300678761663,0.0,2700,2800,2800,2800,2900,2900,2900,3000,3000,3100,3200
,Aggregated,90832,0,590.0,1354.8854519476372,7.497048005461693,3168.1913239881396,27.028734366743,293.84784338651025,0.0,590,2700,2700,2800,2800,2900,2900,2900,3000,3100,3200
