Type,Name,Request Count,Failure Count,Median Response Time,Average Response Time,Min Response Time,Max Response Time,Average Content Size,Requests/s,Failures/s,50%,66%,75%,80%,90%,95%,98%,99%,99.9%,99.99%,100%
GET,/calculate,7328,0,22,52.75522885787175,9.790761396288872,438.79380263388157,18.0,23.70546485680108,0.0,22,25,32,64,160,230,280,310,390,440,440
GET,/transform,7377,0,86,93.66502784019856,62.179614789783955,298.69028832763433,36.0,23.8639757435346,0.0,86,92,98,100,130,150,180,190,240,300,300
,Aggregated,14705,0,76,73.27828816372859,9.790761396288872,438.79380263388157,27.029989799387963,47.569440600335675,0.0,76,86,93,99,140,180,240,280,380,430,440
