Type,Name,Request Count,Failure Count,Median Response Time,Average Response Time,Min Response Time,Max Response Time,Average Content Size,Requests/s,Failures/s,50%,66%,75%,80%,90%,95%,98%,99%,99.9%,99.99%,100%
GET,/createlayer,19321,0,19,40.94834538695991,3.2184524461627007,688.8237921521068,38.0,62.393146423692656,0.0,19,38,51,58,86,130,210,340,610,690,690
GET,/createproject,19182,0,43,78.2468029211563,8.309838362038136,430.99465873092413,102.0,61.94427486668767,0.0,43,98,130,150,180,210,250,280,370,420,430
POST,/survey,112480,0,8,15.57886216550692,1.6721105203032494,333.5289377719164,99.0,363.23073907856474,0.0,8,12,16,20,31,50,92,130,250,300,330
,Aggregated,150983,0,11,26.787145382137663,1.6721105203032494,688.8237921521068,91.5750912354371,487.5681603689451,0.0,11,18,24,30,66,120,180,220,440,620,690
