{"RES_TIME": {"precision": 0.46153846153846156, "recall": 1.0, "f1": 0.631578947368421, "true_positive": 6, "true_negative": 0, "false_positive": 7, "false_negative": 0}, "CPU": {"precision": 0.8461538461538461, "recall": 1.0, "f1": 0.9166666666666666, "true_positive": 11, "true_negative": 0, "false_positive": 2, "false_negative": 0}, "MEM": {"precision": 0.5384615384615384, "recall": 1.0, "f1": 0.7000000000000001, "true_positive": 7, "true_negative": 0, "false_positive": 6, "false_negative": 0}}