Type,Name,Request Count,Failure Count,Median Response Time,Average Response Time,Min Response Time,Max Response Time,Average Content Size,Requests/s,Failures/s,50%,66%,75%,80%,90%,95%,98%,99%,99.9%,99.99%,100%
GET,/,15601,0,270.0,274.06174378579067,2.563251182436943,852.1840842440724,8649.0,50.362758116129136,0.0,270,310,330,350,400,460,520,550,720,800,850
GET,/basket.html,14734,0,280.0,281.3094906853791,2.817779779434204,650.5150590091944,23388.0,47.563930394400785,0.0,280,320,340,360,410,460,520,550,600,650,650
POST,/cart,90002,0,330.0,333.07434749529995,13.410363346338272,705.4926753044128,0.0,290.5422060103746,0.0,330,370,400,420,480,520,570,600,670,700,710
GET,/catalogue,15468,0,300.0,294.83269137040867,5.067585036158562,671.3876249268651,2795.0,49.933410841631016,0.0,300,330,360,380,430,480,540,570,640,670,670
GET,/category.html,15480,0,290.0,286.64127718314325,3.709837794303894,646.9221152365208,11518.0,49.97214894158573,0.0,290,330,350,370,420,460,510,550,620,650,650
GET,/login,15583,0,320.0,330.1781988263141,35.06704419851303,747.2373200580478,13.0,50.30465096619706,0.0,320,360,390,420,490,540,590,620,680,730,750
POST,/orders,14612,14612,380.0,380.59017414906816,61.01715378463268,816.7206449434161,227.0,47.170093044861154,47.170093044861154,380,420,450,470,520,570,620,650,730,820,820
,Aggregated,181480,14612,320.0,320.1555998551998,2.563251182436943,852.1840842440724,3882.42805818823,585.8491983151795,47.170093044861154,320,360,390,410,470,520,560,600,680,750,850
