Type,Name,Request Count,Failure Count,Median Response Time,Average Response Time,Min Response Time,Max Response Time,Average Content Size,Requests/s,Failures/s,50%,66%,75%,80%,90%,95%,98%,99%,99.9%,99.99%,100%
GET,/createlayer,9718,0,13,25.730156337021615,3.2000644132494926,318.5173515230417,38.0,31.409864768040894,0.0,13,20,31,40,62,82,110,150,310,320,320
GET,/createproject,9648,0,24,50.08723332189876,8.674494922161102,390.91603085398674,102.0,31.183615484879457,0.0,24,33,55,80,140,170,200,230,290,390,390
POST,/survey,56362,0,8,11.597564937730926,1.9752224907279015,131.61758240312338,99.0,182.16945853635738,0.0,8,11,14,16,23,31,50,66,96,120,130
,Aggregated,75728,0,10,18.314880115587968,1.9752224907279015,390.91603085398674,91.55422036763153,244.7629387892777,0.0,10,15,19,21,35,63,120,160,260,310,390
