Type,Name,Request Count,Failure Count,Median Response Time,Average Response Time,Min Response Time,Max Response Time,Average Content Size,Requests/s,Failures/s,50%,66%,75%,80%,90%,95%,98%,99%,99.9%,99.99%,100%
GET,/calculate,7430,0,21,22.468977962641866,8.80431942641735,138.44548258930445,18.0,24.053024588807514,0.0,21,23,24,25,27,30,34,41,99,140,140
GET,/transform,7472,0,82,84.30761338260955,59.48304757475853,211.5701623260975,36.0,24.188990542068606,0.0,82,87,90,92,99,110,120,140,200,210,210
,Aggregated,14902,0,65,53.47543909926772,8.80431942641735,211.5701623260975,27.025365722721784,48.24201513087612,0.0,65,77,82,85,92,99,110,120,180,210,210
