Type,Name,Request Count,Failure Count,Median Response Time,Average Response Time,Min Response Time,Max Response Time,Average Content Size,Requests/s,Failures/s,50%,66%,75%,80%,90%,95%,98%,99%,99.9%,99.99%,100%
GET,/calculate,35593,0,47,86.75787412370649,8.520248346030712,529.2807994410396,18.0,114.72309997741999,0.0,47,89,130,160,220,280,330,370,470,500,530
GET,/transform,35799,0,190.0,206.64660761914286,58.18506143987179,755.6583387777209,36.0,115.38707768638942,0.0,190,230,260,280,350,400,460,500,720,750,760
,Aggregated,71392,0,130.0,146.87520898479914,8.520248346030712,755.6583387777209,27.025969296279694,230.11017766380942,0.0,130,180,210,230,300,360,430,470,650,740,760
