Type,Name,Request Count,Failure Count,Median Response Time,Average Response Time,Min Response Time,Max Response Time,Average Content Size,Requests/s,Failures/s,50%,66%,75%,80%,90%,95%,98%,99%,99.9%,99.99%,100%
GET,/calculate,45140,0,57,113.53729216154544,8.450317196547985,902.7488874271512,18.0,145.74216433353368,0.0,57,130,180,210,290,350,420,500,680,870,900
GET,/transform,45447,0,2700.0,2606.9989942833454,215.9655224531889,3134.341087192297,36.0,146.73336602716228,0.0,2700,2700,2700,2800,2800,2900,2900,3000,3100,3100,3100
,Aggregated,90587,0,660.0,1364.4933231188472,8.450317196547985,3134.341087192297,27.030501065274265,292.4755303606959,0.0,660,2600,2700,2700,2800,2800,2900,2900,3000,3100,3100
