Type,Name,Request Count,Failure Count,Median Response Time,Average Response Time,Min Response Time,Max Response Time,Average Content Size,Requests/s,Failures/s,50%,66%,75%,80%,90%,95%,98%,99%,99.9%,99.99%,100%
GET,/,9642,0,6,12.757616791602945,1.6448013484477997,198.85531812906265,8649.0,31.164320359160126,0.0,6,8,10,12,19,67,110,130,180,200,200
GET,/basket.html,9210,0,6,8.021676930094323,1.66243314743042,157.14748296886683,23388.0,29.768034692788294,0.0,6,8,9,11,15,20,29,40,98,160,160
POST,/cart,55765,1,21,25.104919561392617,4.003736190497875,222.44372963905334,0.00019725634358468572,180.24044024357647,0.0032321427462310855,21,24,27,30,39,53,82,100,150,220,220
GET,/catalogue,9586,0,8,13.21196337513223,3.148801624774933,163.39800041168928,2795.0,30.983320365371185,0.0,8,10,13,15,24,44,78,97,140,160,160
GET,/category.html,9586,0,6,11.273445102959194,1.7065294086933136,166.5379088371992,11518.0,30.983320365371185,0.0,6,9,11,13,21,37,83,100,150,170,170
GET,/login,9642,0,56,60.472270052704644,6.967802532017231,242.25924350321293,13.0,31.164320359160126,0.0,56,59,61,63,72,99,150,170,210,240,240
POST,/orders,9142,9142,64,64.06944892380417,12.99963053315878,304.687786847353,227.0,29.548248986044584,29.548248986044584,64,68,70,73,80,91,110,130,180,300,300
,Aggregated,112573,9143,19,26.65273272056749,1.6448013484477997,304.687786847353,3892.6043278583675,363.852005371472,29.55148112879081,19,25,32,45,62,71,93,120,170,220,300
