Type,Name,Request Count,Failure Count,Median Response Time,Average Response Time,Min Response Time,Max Response Time,Average Content Size,Requests/s,Failures/s,50%,66%,75%,80%,90%,95%,98%,99%,99.9%,99.99%,100%
GET,/calculate,7216,0,70,86.66185557015216,10.24715043604374,424.64936058968306,18.0,23.332434663606147,0.0,70,100,120,140,180,220,260,290,370,420,420
GET,/transform,7271,0,130.0,136.93432753162492,59.7450090572238,360.43979600071907,36.0,23.51027334244461,0.0,130,150,170,180,200,230,250,270,320,360,360
,Aggregated,14487,0,110.0,111.89352145210621,10.24715043604374,424.64936058968306,27.03416856492027,46.842708006050756,0.0,110,130,150,160,200,220,260,280,350,420,420
