Type,Name,Request Count,Failure Count,Median Response Time,Average Response Time,Min Response Time,Max Response Time,Average Content Size,Requests/s,Failures/s,50%,66%,75%,80%,90%,95%,98%,99%,99.9%,99.99%,100%
GET,/,1911,0,5,8.436234749771737,1.9787726923823357,96.26984409987926,8649.0,6.173366139455702,0.0,5,7,9,10,15,27,48,52,78,96,96
GET,/basket.html,1822,0,6,7.916840345370782,2.110418863594532,57.3472436517477,23388.0,5.885857198371684,0.0,6,8,10,11,14,18,23,27,50,57,57
POST,/cart,11202,0,30,31.221804902266122,12.078788131475449,138.79111781716347,0.0,36.187361326102966,0.0,30,34,36,38,45,52,62,70,110,130,140
GET,/catalogue,1899,0,9,11.416363853052957,3.55446245521307,98.7632442265749,2795.0,6.1346008889724635,0.0,9,10,12,14,20,28,45,55,75,99,99
GET,/category.html,1899,0,6,7.934271345692851,2.1145734935998917,96.45119030028582,11518.0,6.1346008889724635,0.0,6,8,9,10,16,20,26,30,66,96,96
GET,/login,1911,0,56,57.74083687942855,8.945110253989697,133.32077022641897,13.0,6.173366139455702,0.0,56,59,60,62,67,76,99,110,130,130,130
POST,/orders,1812,1812,66,59.24512731491138,16.641083173453808,242.309944704175,227.0,5.853552822968985,5.853552822968985,66,70,73,75,80,88,99,110,120,240,240
,Aggregated,22456,1812,25,28.265699699184633,1.9787726923823357,242.309944704175,3863.454266120413,72.54270540429997,5.853552822968985,25,33,38,44,58,68,77,86,120,130,240
