Type,Name,Request Count,Failure Count,Median Response Time,Average Response Time,Min Response Time,Max Response Time,Average Content Size,Requests/s,Failures/s,50%,66%,75%,80%,90%,95%,98%,99%,99.9%,99.99%,100%
GET,/,9562,0,5,12.29658572173108,1.6710171476006508,175.29265861958265,8649.0,30.911747868545543,0.0,5,7,9,10,17,73,120,130,170,180,180
GET,/basket.html,9128,0,5,6.832554552575131,1.8668640404939651,105.51517270505428,23388.0,29.508725637323128,0.0,5,7,8,9,13,16,22,27,84,110,110
POST,/cart,55868,0,19,22.824330076986296,9.923049248754978,243.8158467411995,0.0,180.60840095376517,0.0,19,22,25,27,34,45,69,86,170,220,240
GET,/catalogue,9505,0,7,11.924549608811274,2.9888898134231567,188.50073963403702,2795.0,30.727479971818177,0.0,7,10,11,13,20,32,71,98,170,190,190
GET,/category.html,9506,0,6,9.853652547539385,1.7993031069636345,173.33093285560608,11518.0,30.730712741936202,0.0,6,8,9,11,17,26,63,100,160,170,170
GET,/login,9560,0,56,60.14095997022831,6.742645055055618,274.42174404859543,13.0,30.905282328309497,0.0,56,58,60,62,70,100,150,180,260,270,270
POST,/orders,9065,9065,63,62.44923434155016,12.935175560414791,295.184388756752,227.0,29.305061119887615,29.305061119887615,63,66,69,70,77,85,100,120,210,300,300
,Aggregated,112194,9065,17,24.984925532010305,1.6710171476006508,295.184388756752,3872.0967253150793,362.69741062158533,29.305061119887615,17,23,29,38,60,68,86,110,190,260,300
