Type,Name,Request Count,Failure Count,Median Response Time,Average Response Time,Min Response Time,Max Response Time,Average Content Size,Requests/s,Failures/s,50%,66%,75%,80%,90%,95%,98%,99%,99.9%,99.99%,100%
GET,/calculate,34518,0,77,98.74757405100559,8.8485823944211,464.58787843585014,18.0,111.55385449965785,0.0,77,120,140,160,210,260,310,340,440,460,460
GET,/transform,34775,0,310.0,318.42850635624956,61.17977201938629,901.255470700562,36.0,112.38441654283567,0.0,310,390,430,460,530,580,620,650,730,860,900
,Aggregated,69293,0,160.0,208.9954262282076,8.8485823944211,901.255470700562,27.0333799950933,223.9382710424935,0.0,160,250,320,360,460,530,590,620,710,860,900
