Type,Name,Request Count,Failure Count,Median Response Time,Average Response Time,Min Response Time,Max Response Time,Average Content Size,Requests/s,Failures/s,50%,66%,75%,80%,90%,95%,98%,99%,99.9%,99.99%,100%
GET,/createlayer,19324,0,10,24.601772506984464,3.386175259947777,580.6028665974736,38.0,62.45948993060991,0.0,10,14,18,21,45,100,180,230,570,580,580
GET,/createproject,19193,0,22,30.57847048858058,8.54232907295227,409.5539469271898,102.0,62.03606863165991,0.0,22,26,30,34,53,88,120,150,330,410,410
POST,/survey,112875,0,8,15.334117539796322,1.8223822116851807,339.68731109052896,99.0,364.83724518306735,0.0,8,12,16,19,31,49,80,110,300,330,340
,Aggregated,151392,0,10,18.449691881452157,1.8223822116851807,580.6028665974736,91.59415953286832,489.3328037453372,0.0,10,16,20,23,36,58,98,140,330,580,580
