Type,Name,Request Count,Failure Count,Median Response Time,Average Response Time,Min Response Time,Max Response Time,Average Content Size,Requests/s,Failures/s,50%,66%,75%,80%,90%,95%,98%,99%,99.9%,99.99%,100%
GET,/createlayer,9723,0,12,27.135002873355187,3.6506429314613342,430.9207499027252,38.0,31.412254323058086,0.0,12,19,31,41,64,90,140,170,420,430,430
GET,/createproject,9657,0,24,53.704708460203406,10.46439353376627,519.0186435356736,102.0,31.199027049035475,0.0,24,34,59,91,150,180,230,270,400,520,520
POST,/survey,56374,0,8,11.876801965027274,1.9763903692364693,212.25914545357227,99.0,182.12839917803933,0.0,8,11,14,16,23,31,45,70,160,200,210
,Aggregated,75754,0,10,19.167342140537322,1.9763903692364693,519.0186435356736,91.55310610660823,244.7396805501329,0.0,10,15,19,22,35,67,140,170,300,430,520
