Type,Name,Request Count,Failure Count,Median Response Time,Average Response Time,Min Response Time,Max Response Time,Average Content Size,Requests/s,Failures/s,50%,66%,75%,80%,90%,95%,98%,99%,99.9%,99.99%,100%
GET,/calculate,7203,0,63,84.38176843572388,9.237430058419704,464.79819994419813,18.0,23.300940891556877,0.0,63,100,130,140,190,230,270,300,380,460,460
GET,/transform,7252,0,100.0,110.92214584435345,60.225279070436954,306.45424500107765,36.0,23.459450693540255,0.0,100,120,130,140,160,180,200,220,260,310,310
,Aggregated,14455,0,90,97.69694083056177,9.237430058419704,464.79819994419813,27.030508474576273,46.76039158509713,0.0,90,110,130,140,170,200,240,270,360,460,460
