Type,Name,Request Count,Failure Count,Median Response Time,Average Response Time,Min Response Time,Max Response Time,Average Content Size,Requests/s,Failures/s,50%,66%,75%,80%,90%,95%,98%,99%,99.9%,99.99%,100%
GET,/createlayer,1944,0,12,26.537406614238066,4.150992259383202,166.67297668755054,38.0,6.284488224005041,0.0,12,31,40,45,62,79,100,110,150,170,170
GET,/createproject,1931,0,25,71.13737138282413,8.953066542744637,375.52328780293465,102.0,6.242462325387724,0.0,25,100,130,140,170,200,230,250,350,380,380
POST,/survey,11327,0,6,7.01200564254519,2.203158102929592,80.52690979093313,99.0,36.61748874141209,0.0,6,7,7,8,10,12,19,25,53,79,81
,Aggregated,15202,0,7,17.654254079162055,2.203158102929592,375.52328780293465,91.58051572161558,49.144439290804854,0.0,7,9,11,15,34,90,150,180,260,350,380
