Type,Name,Request Count,Failure Count,Median Response Time,Average Response Time,Min Response Time,Max Response Time,Average Content Size,Requests/s,Failures/s,50%,66%,75%,80%,90%,95%,98%,99%,99.9%,99.99%,100%
GET,/,1919,0,5,7.954535111901411,1.8979022279381752,71.20501529425383,8649.0,6.206495565203429,0.0,5,6,8,9,14,28,48,54,71,71,71
GET,/basket.html,1828,0,5,6.8874387014494225,2.0829811692237854,50.968483090400696,23388.0,5.912180246582526,0.0,5,7,8,9,13,18,22,25,45,51,51
POST,/cart,11214,0,24,26.043852072641645,11.411667801439762,115.03972299396992,0.0,36.26870311005276,0.0,24,28,31,33,39,47,58,65,81,92,120
GET,/catalogue,1904,0,8,10.551573594683829,3.4564854577183723,71.4786946773529,2795.0,6.157982051145038,0.0,8,10,11,13,18,26,49,52,70,71,71
GET,/category.html,1904,0,5,7.3139989438482385,1.9628321751952171,63.94494604319334,11518.0,6.157982051145038,0.0,5,7,8,10,15,20,27,32,60,64,64
GET,/login,1919,0,55,56.32887294233513,8.749368600547314,126.56938284635544,13.0,6.206495565203429,0.0,55,57,59,60,65,77,98,100,120,130,130
POST,/orders,1819,1819,63,57.23017925440593,15.262465924024582,257.0471204817295,227.0,5.883072138147492,5.883072138147492,63,67,70,72,78,83,91,99,220,260,260
,Aggregated,22507,1819,20,25.153223500335997,1.8979022279381752,257.0471204817295,3867.2638290309683,72.79291072747972,5.883072138147492,20,27,33,38,57,65,73,80,110,200,260
