Type,Name,Request Count,Failure Count,Median Response Time,Average Response Time,Min Response Time,Max Response Time,Average Content Size,Requests/s,Failures/s,50%,66%,75%,80%,90%,95%,98%,99%,99.9%,99.99%,100%
GET,/calculate,7432,0,21,22.43876970406678,10.420732200145721,190.8327266573906,18.0,24.057849751634496,0.0,21,23,24,25,27,30,35,40,120,190,190
GET,/transform,7480,0,84,86.36223820317039,61.28283683210611,229.6545309945941,36.0,24.21322875971825,0.0,84,89,92,95,100,110,130,140,190,230,230
,Aggregated,14912,0,65,54.503385072447614,10.420732200145721,229.6545309945941,27.028969957081546,48.27107851135274,0.0,65,78,84,87,95,100,120,130,180,220,230
