Type,Name,Request Count,Failure Count,Median Response Time,Average Response Time,Min Response Time,Max Response Time,Average Content Size,Requests/s,Failures/s,50%,66%,75%,80%,90%,95%,98%,99%,99.9%,99.99%,100%
GET,/createlayer,9700,0,11,19.581360663527374,4.317957907915115,241.10127799212933,38.0,31.353577710409244,0.0,11,14,17,20,36,76,110,130,220,240,240
GET,/createproject,9647,0,23,28.00848381328338,10.770085267722607,254.69838920980692,102.0,31.182264347661647,0.0,23,26,29,31,42,60,88,110,200,250,250
POST,/survey,56317,0,9,13.679843540731142,2.32783704996109,253.44675034284592,99.0,182.03499339351725,0.0,9,12,16,18,27,38,55,73,160,230,250
,Aggregated,75664,0,10,16.263279637163194,2.32783704996109,254.69838920980692,91.56239426940157,244.57083545158812,0.0,10,16,20,22,31,44,70,93,190,240,250
