Type,Name,Request Count,Failure Count,Median Response Time,Average Response Time,Min Response Time,Max Response Time,Average Content Size,Requests/s,Failures/s,50%,66%,75%,80%,90%,95%,98%,99%,99.9%,99.99%,100%
GET,/calculate,7320,0,26,67.10733479153508,9.140832349658012,514.9941854178905,18.0,23.60069244890024,0.0,26,59,95,120,180,230,280,310,440,510,510
GET,/transform,7367,0,89,98.85439788435957,59.57414302974939,281.78958408534527,36.0,23.752226949596732,0.0,89,98,110,120,140,160,180,200,250,280,280
,Aggregated,14687,0,82,83.03166336815644,9.140832349658012,514.9941854178905,27.02880098045891,47.35291939849697,0.0,82,93,110,120,150,190,250,280,360,510,510
