Type,Name,Request Count,Failure Count,Median Response Time,Average Response Time,Min Response Time,Max Response Time,Average Content Size,Requests/s,Failures/s,50%,66%,75%,80%,90%,95%,98%,99%,99.9%,99.99%,100%
GET,/calculate,436,436,130000.0,130338.1636926003,129022.03706093132,131160.1430112496,0.0,1.5987098633901535,1.5987098633901535,130000,130000,131000,131000,131000,131000,131000,131000,131000,131000,131000
GET,/transform,948,948,130000.0,129850.56992414226,128303.6277173087,130557.4148753658,0.0,3.476093923151068,3.476093923151068,130000,130000,130000,131000,131000,131000,131000,131000,131000,131000,131000
,Aggregated,1384,1384,130000.0,130004.17605351198,128303.6277173087,131160.1430112496,0.0,5.074803786541222,5.074803786541222,130000,130000,130000,131000,131000,131000,131000,131000,131000,131000,131000
