Type,Name,Request Count,Failure Count,Median Response Time,Average Response Time,Min Response Time,Max Response Time,Average Content Size,Requests/s,Failures/s,50%,66%,75%,80%,90%,95%,98%,99%,99.9%,99.99%,100%
GET,/createlayer,9686,0,17,31.963618389143694,3.146786242723465,274.1114292293787,38.0,31.294637767649384,0.0,17,34,46,54,73,95,140,170,260,270,270
GET,/createproject,9623,0,37,75.25045932257521,8.79314448684454,357.1181381121278,102.0,31.0910901546655,0.0,37,93,120,140,180,210,250,270,330,360,360
POST,/survey,56542,0,7,10.935268215105744,1.7960434779524803,253.01493518054485,99.0,182.682367195791,0.0,7,10,12,14,21,28,43,62,150,230,250
,Aggregated,75851,0,9,21.780025486768743,1.7960434779524803,357.1181381121278,91.59104032906619,245.06809511810587,0.0,9,14,19,23,49,100,160,200,280,340,360
