Type,Name,Request Count,Failure Count,Median Response Time,Average Response Time,Min Response Time,Max Response Time,Average Content Size,Requests/s,Failures/s,50%,66%,75%,80%,90%,95%,98%,99%,99.9%,99.99%,100%
GET,/createlayer,9681,0,12,25.489736987454297,3.5433517768979073,205.01542650163174,38.0,31.28318999287435,0.0,12,20,32,42,66,82,110,140,200,210,210
GET,/createproject,9619,0,23,50.38577588864716,7.565518841147423,364.644443616271,102.0,31.082843150651627,0.0,23,34,61,85,140,170,200,230,310,360,360
POST,/survey,56360,0,8,11.483290842555812,1.890460029244423,176.43655184656382,99.0,182.1217423818199,0.0,8,10,13,15,22,30,48,67,130,150,180
,Aggregated,75660,0,9,18.221321622189897,1.890460029244423,364.644443616271,91.57620935765266,244.48777552534588,0.0,9,14,18,21,35,67,120,150,230,320,360
