Type,Name,Request Count,Failure Count,Median Response Time,Average Response Time,Min Response Time,Max Response Time,Average Content Size,Requests/s,Failures/s,50%,66%,75%,80%,90%,95%,98%,99%,99.9%,99.99%,100%
GET,/calculate,44912,0,21,56.33152940599689,8.432884700596333,571.7539982870221,18.0,145.1244179134291,0.0,21,35,68,91,160,220,290,320,420,510,570
GET,/transform,45213,0,2700.0,2699.7759726197396,117.71103926002979,3313.9666030183434,36.0,146.09704103847236,0.0,2700,2800,2800,2900,3000,3000,3100,3100,3200,3300,3300
,Aggregated,90125,0,510.0,1382.4680465879405,8.432884700596333,3313.9666030183434,27.030058252427185,291.22145895190147,0.0,510,2700,2700,2800,2900,3000,3000,3100,3200,3300,3300
