Type,Name,Request Count,Failure Count,Median Response Time,Average Response Time,Min Response Time,Max Response Time,Average Content Size,Requests/s,Failures/s,50%,66%,75%,80%,90%,95%,98%,99%,99.9%,99.99%,100%
GET,/calculate,44838,0,39,80.97976644423866,7.982991635799408,604.1609877720475,18.0,144.81558664409107,0.0,39,91,130,150,210,250,310,340,460,590,600
GET,/transform,45133,0,2800.0,2696.7901938384794,183.11000615358353,3260.3821735829115,36.0,145.76836326347657,0.0,2800,2800,2800,2900,2900,3000,3000,3000,3100,3200,3300
,Aggregated,89971,0,590.0,1393.1733846054556,7.982991635799408,3260.3821735829115,27.029509508619444,290.5839499075676,0.0,590,2700,2800,2800,2900,2900,3000,3000,3100,3200,3300
