Type,Name,Request Count,Failure Count,Median Response Time,Average Response Time,Min Response Time,Max Response Time,Average Content Size,Requests/s,Failures/s,50%,66%,75%,80%,90%,95%,98%,99%,99.9%,99.99%,100%
GET,/,9651,0,5,12.43232351590464,1.7087571322917938,205.45084960758686,8649.0,31.188103688541915,0.0,5,7,9,11,19,69,110,130,180,210,210
GET,/basket.html,9214,0,5,7.7147347148486,1.8395492807030678,118.98250970989466,23388.0,29.775897563591876,0.0,5,7,9,10,14,20,33,45,85,120,120
POST,/cart,55733,0,20,24.95164821533363,9.614183567464352,237.1934112161398,0.0,180.10637062206055,0.0,20,23,26,28,38,58,86,110,180,200,240
GET,/catalogue,9589,0,8,13.263105739882013,3.1408043578267097,167.43985377252102,2795.0,30.987744924819026,0.0,8,10,12,14,24,49,77,100,140,170,170
GET,/category.html,9589,0,6,11.200769995461105,1.7486680299043655,178.19123808294535,11518.0,30.987744924819026,0.0,6,8,10,12,22,42,73,97,160,180,180
GET,/login,9651,0,56,60.90996901738901,6.379438564181328,218.34165416657925,13.0,31.188103688541915,0.0,56,58,61,63,72,110,150,180,210,220,220
POST,/orders,9151,9151,64,63.287570459702835,13.283796608448029,212.1731275692582,227.0,29.572307206905716,29.572307206905716,64,67,69,71,78,88,110,130,180,210,210
,Aggregated,112578,9151,18,26.49957276368,1.7087571322917938,237.1934112161398,3894.3543854038976,363.80627261928004,29.572307206905716,18,24,32,48,62,71,95,120,190,210,240
