{"RES_TIME": {"precision": 0.46153846153846156, "recall": 1.0, "f1": 0.631578947368421, "true_positive": 6, "true_negative": 0, "false_positive": 7, "false_negative": 0}, "CPU": {"precision": 0.8461538461538461, "recall": 1.0, "f1": 0.9166666666666666, "true_positive": 11, "true_negative": 0, "false_positive": 2, "false_negative": 0}, "MEM": {"precision": 0.6923076923076923, "recall": 1.0, "f1": 0.8181818181818181, "true_positive": 9, "true_negative": 0, "false_positive": 4, "false_negative": 0}}