Type,Name,Request Count,Failure Count,Median Response Time,Average Response Time,Min Response Time,Max Response Time,Average Content Size,Requests/s,Failures/s,50%,66%,75%,80%,90%,95%,98%,99%,99.9%,99.99%,100%
GET,/calculate,7262,0,61,92.11937762518329,8.965096436440945,607.1824785321951,18.0,23.48230546404045,0.0,61,110,140,160,220,260,310,350,570,610,610
GET,/transform,7310,0,100.0,115.63264477218307,58.40617045760155,366.8807204812765,36.0,23.63751761803025,0.0,100,120,140,150,170,190,220,240,340,370,370
,Aggregated,14572,0,93,103.91473741413253,8.965096436440945,607.1824785321951,27.029645896239362,47.1198230820707,0.0,93,120,140,150,190,230,280,320,460,600,610
