Type,Name,Request Count,Failure Count,Median Response Time,Average Response Time,Min Response Time,Max Response Time,Average Content Size,Requests/s,Failures/s,50%,66%,75%,80%,90%,95%,98%,99%,99.9%,99.99%,100%
GET,/calculate,35922,0,26,60.82126307192593,7.858753204345703,499.3879562243819,18.0,115.69953293746593,0.0,26,46,67,89,170,240,310,350,450,500,500
GET,/transform,36153,0,160.0,188.81728997003185,62.77588289231062,859.6266945824027,36.0,116.44355031145831,0.0,160,200,230,250,320,390,470,560,830,850,860
,Aggregated,72075,0,100.0,125.02438982110696,7.858753204345703,859.6266945824027,27.028844953173778,232.14308324892423,0.0,100,150,180,200,270,340,420,480,820,850,860
