Type,Name,Request Count,Failure Count,Median Response Time,Average Response Time,Min Response Time,Max Response Time,Average Content Size,Requests/s,Failures/s,50%,66%,75%,80%,90%,95%,98%,99%,99.9%,99.99%,100%
GET,/createlayer,9727,0,11,18.547341688740527,3.6590294912457466,287.7888847142458,38.0,31.43436257388614,0.0,11,14,16,18,29,71,94,170,270,290,290
GET,/createproject,9667,0,22,27.612107634518168,10.001534596085548,188.12407087534666,102.0,31.240462938393886,0.0,22,25,28,30,40,58,87,110,150,190,190
POST,/survey,56431,0,9,12.874226497164377,2.2718310356140137,156.55617509037256,99.0,182.36583884105775,0.0,9,12,15,17,25,34,52,67,110,130,160
,Aggregated,75825,0,10,15.480932575941303,2.2718310356140137,287.7888847142458,91.55725684141115,245.0406643533378,0.0,10,15,19,21,28,40,67,83,200,280,290
