Type,Name,Request Count,Failure Count,Median Response Time,Average Response Time,Min Response Time,Max Response Time,Average Content Size,Requests/s,Failures/s,50%,66%,75%,80%,90%,95%,98%,99%,99.9%,99.99%,100%
GET,/,16077,0,230.0,233.64743752103934,4.859359003603458,1320.759791880846,8649.0,52.01207977972713,0.0,230,260,290,300,340,380,440,500,1200,1300,1300
GET,/basket.html,15241,0,230.0,231.00943983753143,3.4980857744812965,565.0801407173276,23388.0,49.30746457192394,0.0,230,270,290,310,340,380,430,460,520,550,570
POST,/cart,92950,0,280.0,280.36594466405967,16.895360313355923,697.7769322693348,0.0,300.7105066570652,0.0,280,320,340,360,410,440,490,520,620,670,700
GET,/catalogue,15915,0,250.0,247.94289326155396,7.319196127355099,626.3540014624596,2795.0,51.48797970357388,0.0,250,290,310,320,370,410,450,480,600,620,630
GET,/category.html,15940,0,240.0,236.01870273340404,5.710299126803875,603.1469032168388,11518.0,51.568859344955555,0.0,240,270,300,310,350,380,420,460,530,590,600
GET,/login,16047,0,280.0,285.69048717446196,24.63176380842924,675.5791883915663,13.0,51.91502421006912,0.0,280,320,350,360,410,460,510,540,650,670,680
POST,/orders,15104,15104,330.0,327.4747752805262,50.27925968170166,851.7282009124756,227.0,48.86424413715236,48.86424413715236,330,370,390,410,450,500,550,590,700,770,850
,Aggregated,187274,15104,270.0,270.06409220429776,3.4980857744812965,1320.759791880846,3883.203461238613,605.8661584044671,48.86424413715236,270,310,330,350,400,440,490,520,660,1200,1300
