Type,Name,Request Count,Failure Count,Median Response Time,Average Response Time,Min Response Time,Max Response Time,Average Content Size,Requests/s,Failures/s,50%,66%,75%,80%,90%,95%,98%,99%,99.9%,99.99%,100%
GET,/calculate,7322,0,25,64.79621407334488,8.323383517563343,493.62815357744694,18.0,23.6743590756135,0.0,25,55,86,110,180,230,280,310,420,490,490
GET,/transform,7372,0,91,99.79520485914811,60.987439006567,303.54622658342123,36.0,23.83602500756934,0.0,91,100,110,120,140,160,180,200,270,300,300
,Aggregated,14694,0,82,82.35525586407181,8.323383517563343,493.62815357744694,27.030624744793794,47.51038408318284,0.0,82,94,100,110,150,190,240,280,390,490,490
