Type,Name,Request Count,Failure Count,Median Response Time,Average Response Time,Min Response Time,Max Response Time,Average Content Size,Requests/s,Failures/s,50%,66%,75%,80%,90%,95%,98%,99%,99.9%,99.99%,100%
GET,/,15832,0,250.0,250.90431892009525,4.466542974114418,1014.561640098691,8649.0,51.05557294051335,0.0,250,290,310,330,370,410,460,510,890,950,1000
GET,/basket.html,14974,0,250.0,253.14633923058918,2.4307621642947197,570.0060427188873,23388.0,48.2886653114734,0.0,250,290,320,330,370,410,450,470,540,570,570
POST,/cart,91709,0,310.0,305.8108439742476,15.010339207947254,668.8997959718108,0.0,295.74630740282583,0.0,310,350,380,390,430,470,520,550,610,660,670
GET,/catalogue,15683,0,270.0,269.0026556266203,4.999974742531776,657.4487136676908,2795.0,50.57507266460781,0.0,270,310,340,350,390,440,490,520,630,660,660
GET,/category.html,15704,0,260.0,259.52656999256715,2.4197744205594063,640.1238571852446,11518.0,50.6427941800039,0.0,260,300,330,340,380,410,460,490,570,640,640
GET,/login,15824,0,300.0,306.9294627117421,31.923451460897923,756.6546946763992,13.0,51.02977426798151,0.0,300,340,370,390,440,490,540,570,740,750,760
POST,/orders,14843,14843,360.0,354.010248081566,41.70423001050949,725.5376409739256,227.0,47.86621204876451,47.86621204876451,360,400,420,440,480,520,570,610,690,730,730
,Aggregated,184569,14843,290.0,293.73479286552407,2.4197744205594063,1014.561640098691,3876.223038538433,595.2043988161703,47.86621204876451,290,340,360,380,430,470,520,550,660,890,1000
