Type,Name,Request Count,Failure Count,Median Response Time,Average Response Time,Min Response Time,Max Response Time,Average Content Size,Requests/s,Failures/s,50%,66%,75%,80%,90%,95%,98%,99%,99.9%,99.99%,100%
GET,/calculate,7196,0,84,104.59005549871542,9.034824557602406,437.1432987973094,18.0,23.265237322850492,0.0,84,130,160,180,220,260,310,340,410,440,440
GET,/transform,7244,0,130.0,136.37581289309261,58.425335213541985,346.9436224550009,36.0,23.420425120445937,0.0,130,150,170,180,200,220,240,250,310,350,350
,Aggregated,14440,0,120.0,120.53576370957887,9.034824557602406,437.1432987973094,27.029916897506926,46.68566244329643,0.0,120,150,160,180,210,240,280,310,400,430,440
