Type,Name,Request Count,Failure Count,Median Response Time,Average Response Time,Min Response Time,Max Response Time,Average Content Size,Requests/s,Failures/s,50%,66%,75%,80%,90%,95%,98%,99%,99.9%,99.99%,100%
GET,/,9630,0,5,12.363618553102574,1.6752146184444427,190.21361973136663,8649.0,31.143024015509333,0.0,5,7,9,10,18,69,120,130,180,190,190
GET,/basket.html,9195,0,5,7.192248523502715,1.88385508954525,102.51129977405071,23388.0,29.73625190265922,0.0,5,7,8,9,13,18,28,40,82,100,100
POST,/cart,55857,0,19,23.13895366553654,9.645335376262665,207.87821803241968,0.0,180.63924116659447,0.0,19,22,24,26,35,50,76,96,180,200,210
GET,/catalogue,9570,0,7,12.692868058416941,2.9709553346037865,185.39317790418863,2795.0,30.94898648270242,0.0,7,9,11,13,22,46,74,110,160,190,190
GET,/category.html,9570,0,6,10.576615535898393,1.7622336745262146,193.31934675574303,11518.0,30.94898648270242,0.0,6,8,9,11,18,37,78,99,170,190,190
GET,/login,9628,0,55,59.81061356776716,6.867678835988045,251.3968786224723,13.0,31.1365560977491,0.0,55,58,60,62,72,98,140,170,210,250,250
POST,/orders,9130,9130,63,62.801955813829665,12.995891273021698,293.9505223184824,227.0,29.526044575451735,29.526044575451735,63,66,68,70,78,90,110,130,230,290,290
,Aggregated,112580,9130,17,25.311727738001284,1.6752146184444427,293.9505223184824,3886.2641144075324,364.07909072336867,29.526044575451735,17,22,29,44,61,69,92,120,190,230,290
