Type,Name,Request Count,Failure Count,Median Response Time,Average Response Time,Min Response Time,Max Response Time,Average Content Size,Requests/s,Failures/s,50%,66%,75%,80%,90%,95%,98%,99%,99.9%,99.99%,100%
GET,/transform,62,62,130000.0,129747.70569530947,129528.57297193259,130555.68101350218,0.0,0.44737001775816426,0.44737001775816426,130000,130000,130000,130000,131000,131000,131000,131000,131000,131000,131000
,Aggregated,62,62,130000.0,129747.70569530947,129528.57297193259,130555.68101350218,0.0,0.44737001775816426,0.44737001775816426,130000,130000,130000,130000,131000,131000,131000,131000,131000,131000,131000
