group,value
RAG,0.125
RAG,0.125
RAG,0.125
RAG,0.125
RAG,0.125
RAG,0.14285714285714285
RAG,0.14285714285714285
RAG,0.14285714285714285
RAG,0.14285714285714285
RAG,0.14285714285714285
SP,0.5
SP,0.5
SP,0.5
SP,0.5
SP,0.5
SP,0.5
SP,0.5
SP,0.5
SP,0.5
SP,0.5
S,0.5
S,0.0
S,0.5
S,0.5
S,0.5
S,0.5
S,0.5
S,0.5
S,0.5
S,0.5
S5,0.5
S5,0.5
S5,0.5
S5,0.5
S5,0.5
S5,0.5
S5,0.5
S5,0.5
S5,0.5
S5,0.5
SP5,0.5
SP5,0.5
SP5,0.5
SP5,0.5
SP5,0.5
SP5,0.5
SP5,0.5
SP5,0.5
SP5,0.5
SP5,0.5
