Type,Name,Request Count,Failure Count,Median Response Time,Average Response Time,Min Response Time,Max Response Time,Average Content Size,Requests/s,Failures/s,50%,66%,75%,80%,90%,95%,98%,99%,99.9%,99.99%,100%
GET,/,15701,0,260.0,264.377231421442,2.012563869357109,980.0126478075981,8649.0,50.82433826110974,0.0,260,300,320,340,380,430,490,530,850,930,980
GET,/basket.html,14854,0,270.0,269.3710671185417,2.8944574296474457,625.8872002363205,23388.0,48.08258840395669,0.0,270,310,330,350,390,430,480,510,560,620,630
POST,/cart,90336,0,320.0,320.0255998815882,12.809126637876034,642.5153221935034,0.0,292.41878995959553,0.0,320,360,390,410,460,500,540,560,610,630,640
GET,/catalogue,15561,0,280.0,283.60725708289556,4.316501319408417,622.0107777044177,2795.0,50.371156466538984,0.0,280,320,350,360,410,450,510,530,570,620,620
GET,/category.html,15570,0,280.0,273.28093401273003,3.0132951214909554,618.6545984819531,11518.0,50.40028958190425,0.0,280,320,340,350,390,430,480,510,570,620,620
GET,/login,15665,0,310.0,320.56945350967607,21.48438524454832,676.9027002155781,13.0,50.70780579964869,0.0,310,360,390,410,470,520,560,580,650,680,680
POST,/orders,14717,14717,370.0,370.87853701266675,18.733328208327293,725.9677713736892,227.0,47.639117647841026,47.639117647841026,370,410,440,460,510,550,590,610,670,700,730
,Aggregated,182404,14717,310.0,308.1631648479182,2.012563869357109,980.0126478075981,3890.133768996294,590.4440861205949,47.639117647841026,310,350,380,400,450,490,540,560,620,820,980
