Type,Name,Request Count,Failure Count,Median Response Time,Average Response Time,Min Response Time,Max Response Time,Average Content Size,Requests/s,Failures/s,50%,66%,75%,80%,90%,95%,98%,99%,99.9%,99.99%,100%
GET,/createlayer,9741,0,10,17.235003314057963,4.640796221792698,167.3562554642558,38.0,31.484433020568986,0.0,10,13,15,17,27,73,97,120,140,170,170
GET,/createproject,9675,0,22,26.57240973087629,11.071465909481049,221.459255553782,102.0,31.27111071491684,0.0,22,25,27,29,39,58,76,86,140,220,220
POST,/survey,56463,0,8,12.524923623868883,2.1562594920396805,275.3511667251587,99.0,182.49723248541082,0.0,8,11,14,16,23,32,50,68,210,230,280
,Aggregated,75879,0,10,14.92071579755895,2.1562594920396805,275.3511667251587,91.55161507136361,245.25277622089664,0.0,10,14,18,20,27,38,66,86,210,230,280
