Type,Name,Request Count,Failure Count,Median Response Time,Average Response Time,Min Response Time,Max Response Time,Average Content Size,Requests/s,Failures/s,50%,66%,75%,80%,90%,95%,98%,99%,99.9%,99.99%,100%
GET,/calculate,35918,0,29,64.27331923251649,8.155780844390392,554.8945860937238,18.0,115.79994470941413,0.0,29,51,76,98,180,240,300,340,480,540,550
GET,/transform,36134,0,160.0,191.566385324852,61.522106640040874,819.9932295829058,36.0,116.49633058995407,0.0,160,210,240,270,330,410,490,530,670,800,820
,Aggregated,72052,0,100.0,128.11065407652433,8.155780844390392,819.9932295829058,27.02698051407317,232.2962752993682,0.0,100,150,190,210,280,340,430,500,650,800,820
