Type,Name,Request Count,Failure Count,Median Response Time,Average Response Time,Min Response Time,Max Response Time,Average Content Size,Requests/s,Failures/s,50%,66%,75%,80%,90%,95%,98%,99%,99.9%,99.99%,100%
GET,/createlayer,9674,0,12,25.97695725221177,3.5754330456256866,303.00523061305285,38.0,31.26444199473438,0.0,12,19,30,39,63,89,120,150,280,300,300
GET,/createproject,9608,0,23,48.48165442842562,8.918765000998974,354.88613974303007,102.0,31.051143134733092,0.0,23,32,49,73,130,170,210,230,320,350,350
POST,/survey,56373,0,8,11.825901944149756,1.9513405859470367,185.56394334882498,99.0,182.18631264928274,0.0,8,11,14,16,23,31,48,64,160,180,190
,Aggregated,75655,0,10,18.290587410002832,1.9513405859470367,354.88613974303007,91.58092657458198,244.50189777875022,0.0,10,15,19,22,34,61,120,160,270,320,350
