Type,Name,Request Count,Failure Count,Median Response Time,Average Response Time,Min Response Time,Max Response Time,Average Content Size,Requests/s,Failures/s,50%,66%,75%,80%,90%,95%,98%,99%,99.9%,99.99%,100%
GET,/createlayer,9728,0,12,25.90559072890947,3.461955115199089,213.75507302582264,38.0,31.432167707747432,0.0,12,20,33,42,65,87,120,140,210,210,210
GET,/createproject,9675,0,23,51.49887220216891,8.200742304325104,356.67931009083986,102.0,31.26091926114889,0.0,23,35,62,90,140,170,210,230,290,360,360
POST,/survey,56368,0,8,11.57943284555198,1.92287378013134,138.70645221322775,99.0,182.13080071446413,0.0,8,11,14,16,23,32,48,65,97,130,140
,Aggregated,75771,0,9,18.515931501562463,1.92287378013134,356.67931009083986,91.55146428052949,244.82388768336045,0.0,9,15,19,22,36,67,120,160,240,300,360
