Type,Name,Request Count,Failure Count,Median Response Time,Average Response Time,Min Response Time,Max Response Time,Average Content Size,Requests/s,Failures/s,50%,66%,75%,80%,90%,95%,98%,99%,99.9%,99.99%,100%
GET,/createlayer,500,500,130000.0,129954.42921206728,129290.90321715921,130642.18611922115,0.0,3.605517522595578,3.605517522595578,130000,130000,130000,130000,131000,131000,131000,131000,131000,131000,131000
,Aggregated,500,500,130000.0,129954.42921206728,129290.90321715921,130642.18611922115,0.0,3.605517522595578,3.605517522595578,130000,130000,130000,130000,131000,131000,131000,131000,131000,131000,131000
