Type,Name,Request Count,Failure Count,Median Response Time,Average Response Time,Min Response Time,Max Response Time,Average Content Size,Requests/s,Failures/s,50%,66%,75%,80%,90%,95%,98%,99%,99.9%,99.99%,100%
GET,/createlayer,1973,0,10,20.35947520289621,4.1113970801234245,147.3346296697855,38.0,6.357039822235654,0.0,10,14,27,34,47,63,83,100,150,150,150
GET,/createproject,1962,0,22,46.281122917710036,10.051626712083817,276.06584690511227,102.0,6.3215976336676905,0.0,22,25,39,84,130,160,190,190,270,280,280
POST,/survey,11399,0,6,7.67720082363143,2.122107893228531,116.15047790110111,99.0,36.72777340783792,0.0,6,7,8,9,11,15,21,26,60,97,120
,Aggregated,15334,0,7,14.248416585916003,2.122107893228531,276.06584690511227,91.53508543106821,49.406410863741264,0.0,7,9,12,15,23,42,110,140,200,270,280
