Type,Name,Request Count,Failure Count,Median Response Time,Average Response Time,Min Response Time,Max Response Time,Average Content Size,Requests/s,Failures/s,50%,66%,75%,80%,90%,95%,98%,99%,99.9%,99.99%,100%
GET,/calculate,34932,0,42,53.25257215431016,7.646206766366959,258.24140943586826,18.0,113.25785103158798,0.0,42,61,74,82,110,130,170,190,220,260,260
GET,/transform,35182,0,270.0,291.87916857590943,60.22343039512634,885.6593761593103,36.0,114.06841048303356,0.0,270,360,410,440,510,570,630,660,810,860,890
,Aggregated,70114,0,100.0,172.99129645052355,7.646206766366959,885.6593761593103,27.0320905953162,227.32626151462154,0.0,100,190,270,320,440,510,590,630,730,860,890
