Type,Name,Request Count,Failure Count,Median Response Time,Average Response Time,Min Response Time,Max Response Time,Average Content Size,Requests/s,Failures/s,50%,66%,75%,80%,90%,95%,98%,99%,99.9%,99.99%,100%
GET,/calculate,35343,0,47,89.79721279178253,8.36210884153843,563.1351908668876,18.0,113.8890490384951,0.0,47,91,130,160,230,290,360,410,510,540,560
GET,/transform,35596,0,200.0,231.65602656431912,64.47292771190405,4199.686166830361,36.0,114.70431456226895,0.0,200,240,270,290,350,420,520,590,4200,4200,4200
,Aggregated,70939,0,140.0,160.979585464744,8.36210884153843,4199.686166830361,27.032097999689874,228.59336360076406,0.0,140,190,220,250,310,370,450,520,3200,4200,4200
