Type,Name,Request Count,Failure Count,Median Response Time,Average Response Time,Min Response Time,Max Response Time,Average Content Size,Requests/s,Failures/s,50%,66%,75%,80%,90%,95%,98%,99%,99.9%,99.99%,100%
GET,/calculate,35433,0,46,86.46398390364504,8.464568294584751,500.41455030441284,18.0,114.61293673231322,0.0,46,86,120,150,230,280,340,370,470,500,500
GET,/transform,35656,0,190.0,209.47703739125862,62.156178057193756,748.8526096567512,36.0,115.33426105967206,0.0,190,230,260,280,350,410,500,560,720,740,750
,Aggregated,71089,0,130.0,148.16345126363532,8.464568294584751,748.8526096567512,27.02823221595465,229.94719779198527,0.0,130,180,220,240,300,360,440,500,710,730,750
