Type,Name,Request Count,Failure Count,Median Response Time,Average Response Time,Min Response Time,Max Response Time,Average Content Size,Requests/s,Failures/s,50%,66%,75%,80%,90%,95%,98%,99%,99.9%,99.99%,100%
GET,/calculate,7391,0,22,50.99861140404123,8.847769349813461,526.5720039606094,18.0,23.82228629785035,0.0,22,26,48,74,140,200,260,290,410,530,530
GET,/transform,7438,0,85,92.66358503143263,60.6675548478961,329.94779478758574,36.0,23.973774250224718,0.0,85,91,98,100,130,150,170,190,290,330,330
,Aggregated,14829,0,75,71.89712606049395,8.847769349813461,526.5720039606094,27.02852518713332,47.79606054807507,0.0,75,85,92,98,130,160,220,260,390,520,530
