Type,Name,Request Count,Failure Count,Median Response Time,Average Response Time,Min Response Time,Max Response Time,Average Content Size,Requests/s,Failures/s,50%,66%,75%,80%,90%,95%,98%,99%,99.9%,99.99%,100%
GET,/createlayer,19288,0,20,40.54475400478269,3.1738262623548508,473.87843299657106,38.0,62.32765873328537,0.0,20,40,51,59,89,140,220,310,440,470,470
GET,/createproject,19159,0,48,78.5995030455228,9.33401845395565,405.4206172004342,102.0,61.91080535415877,0.0,48,99,130,150,180,210,250,270,330,400,410
POST,/survey,112251,0,9,17.74244588283955,1.7993487417697906,290.53100664168596,99.0,362.7302996925558,0.0,9,13,18,21,39,67,120,140,230,280,290
,Aggregated,150698,0,11,28.398003867921553,1.7993487417697906,473.87843299657106,91.57394922294921,486.9687637799999,0.0,11,19,27,36,75,130,180,220,350,440,470
