Type,Name,Request Count,Failure Count,Median Response Time,Average Response Time,Min Response Time,Max Response Time,Average Content Size,Requests/s,Failures/s,50%,66%,75%,80%,90%,95%,98%,99%,99.9%,99.99%,100%
GET,/createlayer,19347,0,19,39.09644732193902,3.0620908364653587,502.4012178182602,38.0,62.51724242139333,0.0,19,37,50,58,87,130,240,280,440,500,500
GET,/createproject,19226,0,46,79.42770221313734,8.467413485050201,467.3918467015028,102.0,62.12624710775356,0.0,46,99,130,150,190,220,250,280,390,470,470
POST,/survey,112247,0,8,15.799524483142015,1.7750179395079613,377.8152158483863,99.0,362.7111650423392,0.0,8,12,15,18,30,54,110,150,250,360,380
,Aggregated,150820,0,10,26.8991194387122,1.7750179395079613,502.4012178182602,91.5574260708129,487.3546545714861,0.0,10,17,23,30,68,130,190,220,350,490,500
