Type,Name,Request Count,Failure Count,Median Response Time,Average Response Time,Min Response Time,Max Response Time,Average Content Size,Requests/s,Failures/s,50%,66%,75%,80%,90%,95%,98%,99%,99.9%,99.99%,100%
GET,/calculate,7380,0,21,22.307859915674623,9.484831243753433,106.86358250677586,18.0,23.890203680465028,0.0,21,23,24,25,27,30,35,39,71,110,110
GET,/transform,7427,0,84,86.14831923649982,61.68581359088421,219.0637830644846,36.0,24.042349964066904,0.0,84,89,92,94,100,110,130,140,170,220,220
,Aggregated,14807,0,65,54.32940995118274,9.484831243753433,219.0637830644846,27.028567569392855,47.93255364453193,0.0,65,78,84,88,94,100,110,130,160,180,220
