Type,Name,Request Count,Failure Count,Median Response Time,Average Response Time,Min Response Time,Max Response Time,Average Content Size,Requests/s,Failures/s,50%,66%,75%,80%,90%,95%,98%,99%,99.9%,99.99%,100%
GET,/calculate,35536,0,33,56.49737359100797,8.189632557332516,400.78932140022516,18.0,114.87755016257687,0.0,33,54,70,85,140,180,230,270,350,390,400
GET,/transform,35755,0,200.0,229.78131142661752,62.35416512936354,813.7108674272895,36.0,115.58551345291919,0.0,200,260,290,320,400,480,570,620,760,800,810
,Aggregated,71291,0,110.0,143.40549940369428,8.189632557332516,813.7108674272895,27.027647248600804,230.46306361549605,0.0,110,170,210,240,320,400,500,570,730,800,810
