Type,Name,Request Count,Failure Count,Median Response Time,Average Response Time,Min Response Time,Max Response Time,Average Content Size,Requests/s,Failures/s,50%,66%,75%,80%,90%,95%,98%,99%,99.9%,99.99%,100%
GET,/calculate,45338,0,21,58.38358479748063,7.545646280050278,519.9684929102659,18.0,146.15319724484772,0.0,21,33,68,98,180,230,290,320,410,500,520
GET,/transform,45639,0,2700.0,2648.565555877297,154.06894125044346,3070.662518031895,36.0,147.12351160301745,0.0,2700,2700,2800,2800,2800,2900,2900,2900,3000,3000,3100
,Aggregated,90977,0,540.0,1357.759415810954,7.545646280050278,3070.662518031895,27.029776756762697,293.27670884786517,0.0,540,2600,2700,2700,2800,2800,2900,2900,3000,3000,3100
