Type,Name,Request Count,Failure Count,Median Response Time,Average Response Time,Min Response Time,Max Response Time,Average Content Size,Requests/s,Failures/s,50%,66%,75%,80%,90%,95%,98%,99%,99.9%,99.99%,100%
GET,/calculate,7340,0,28,81.39001964261547,9.678004309535027,445.7215927541256,18.0,23.658560819652006,0.0,28,92,130,150,210,260,310,350,410,450,450
GET,/transform,7391,0,89,101.14627230550553,60.06981618702412,346.40607610344887,36.0,23.822945915265393,0.0,89,100,110,120,150,170,200,220,280,350,350
,Aggregated,14731,0,83,91.30234490440492,9.678004309535027,445.7215927541256,27.03115878080239,47.4815067349174,0.0,83,99,120,130,170,220,270,310,400,440,450
