Type,Name,Request Count,Failure Count,Median Response Time,Average Response Time,Min Response Time,Max Response Time,Average Content Size,Requests/s,Failures/s,50%,66%,75%,80%,90%,95%,98%,99%,99.9%,99.99%,100%
GET,/calculate,45546,0,22,55.548555204739756,8.393601514399052,426.7565915361047,18.0,146.67239731176383,0.0,22,34,64,88,160,220,280,310,380,420,430
GET,/transform,45845,0,2700.0,2633.9394356201005,191.70551467686892,3076.2755693867803,36.0,147.63527103934072,0.0,2700,2700,2800,2800,2800,2800,2900,2900,3000,3000,3100
,Aggregated,91391,0,520.0,1348.9618006297994,8.393601514399052,3076.2755693867803,27.029444912518738,294.30766835110455,0.0,520,2600,2700,2700,2800,2800,2900,2900,3000,3000,3100
