Type,Name,Request Count,Failure Count,Median Response Time,Average Response Time,Min Response Time,Max Response Time,Average Content Size,Requests/s,Failures/s,50%,66%,75%,80%,90%,95%,98%,99%,99.9%,99.99%,100%
GET,/calculate,34262,0,78,103.57085789888328,8.796458132565022,510.38672029972076,18.0,110.7425435111613,0.0,78,120,150,180,230,280,320,360,440,500,510
GET,/transform,34491,0,340.0,341.82429305202675,59.51347295194864,812.4387366697192,36.0,111.48272337410147,0.0,340,420,460,490,550,600,650,680,770,810,810
,Aggregated,68753,0,180.0,223.09435842783577,8.796458132565022,812.4387366697192,27.02997687373642,222.22526688526278,0.0,180,280,350,390,490,550,610,650,750,800,810
