Type,Name,Request Count,Failure Count,Median Response Time,Average Response Time,Min Response Time,Max Response Time,Average Content Size,Requests/s,Failures/s,50%,66%,75%,80%,90%,95%,98%,99%,99.9%,99.99%,100%
GET,/calculate,7450,0,21,21.943289364794357,8.961654268205166,91.62100497633219,18.0,24.110646123204724,0.0,21,22,23,24,26,29,34,39,63,92,92
GET,/transform,7497,0,82,84.43269422492719,60.55989395827055,323.477846570313,36.0,24.262753555122927,0.0,82,87,90,92,100,110,130,150,290,320,320
,Aggregated,14947,0,64,53.28623900260903,8.961654268205166,323.477846570313,27.028299993309695,48.37339967832765,0.0,64,76,82,85,92,100,110,130,250,320,320
