Type,Name,Request Count,Failure Count,Median Response Time,Average Response Time,Min Response Time,Max Response Time,Average Content Size,Requests/s,Failures/s,50%,66%,75%,80%,90%,95%,98%,99%,99.9%,99.99%,100%
GET,/calculate,35665,0,28,56.947088121796504,7.912682369351387,684.1286551207304,18.0,115.32218919518952,0.0,28,46,63,77,140,210,290,350,520,680,680
GET,/transform,35904,0,190.0,213.69710827722864,61.688026413321495,901.6615068539977,36.0,116.09499175281326,0.0,190,230,270,290,350,420,490,550,690,730,900
,Aggregated,71569,0,110.0,135.58382642554025,7.912682369351387,901.6615068539977,27.030054912042925,231.4171809480028,0.0,110,170,200,230,300,360,440,490,660,700,900
