Type,Name,Request Count,Failure Count,Median Response Time,Average Response Time,Min Response Time,Max Response Time,Average Content Size,Requests/s,Failures/s,50%,66%,75%,80%,90%,95%,98%,99%,99.9%,99.99%,100%
GET,/createlayer,1931,0,12,28.566415649310628,4.149432294070721,202.92919967323542,38.0,6.237474228286077,0.0,12,32,42,48,65,87,120,130,200,200,200
GET,/createproject,1919,0,32,74.14045059056627,10.579184629023075,612.9525471478701,102.0,6.198712089114957,0.0,32,99,130,140,170,200,240,270,590,610,610
POST,/survey,11256,0,6,6.988256795159074,2.1892953664064407,142.51371193677187,99.0,36.35888654251066,0.0,6,7,7,8,9,12,20,26,59,140,140
,Aggregated,15106,0,7,18.27731310660837,2.1892953664064407,612.9525471478701,91.58347676419966,48.79507285991169,0.0,7,8,10,16,37,94,150,180,280,590,610
