Type,Name,Request Count,Failure Count,Median Response Time,Average Response Time,Min Response Time,Max Response Time,Average Content Size,Requests/s,Failures/s,50%,66%,75%,80%,90%,95%,98%,99%,99.9%,99.99%,100%
GET,/calculate,35547,0,43,79.78989301830443,8.581011556088924,485.3967847302556,18.0,114.96744892991727,0.0,43,79,110,140,210,260,310,350,430,480,490
GET,/transform,35805,0,180.0,198.07418417586115,64.52971510589123,850.8951747789979,36.0,115.80188226673665,0.0,180,210,240,260,320,400,480,560,770,840,850
,Aggregated,71352,0,120.0,139.14588927483987,8.581011556088924,850.8951747789979,27.032542885973765,230.76933119665392,0.0,120,170,200,220,280,340,420,480,680,790,850
