Type,Name,Request Count,Failure Count,Median Response Time,Average Response Time,Min Response Time,Max Response Time,Average Content Size,Requests/s,Failures/s,50%,66%,75%,80%,90%,95%,98%,99%,99.9%,99.99%,100%
GET,/calculate,45054,0,21,53.19611264560005,7.529789581894875,498.0713902041316,18.0,145.34517351760468,0.0,21,32,64,85,150,210,270,310,430,480,500
GET,/transform,45359,0,2700.0,2697.2309273096807,164.57107942551374,3266.7951602488756,36.0,146.3291100809036,0.0,2700,2800,2800,2900,2900,3000,3000,3100,3200,3200,3300
,Aggregated,90413,0,550.0,1379.673224989486,7.529789581894875,3266.7951602488756,27.03036067822105,291.6742835985083,0.0,550,2700,2700,2800,2900,2900,3000,3000,3100,3200,3300
