Type,Name,Request Count,Failure Count,Median Response Time,Average Response Time,Min Response Time,Max Response Time,Average Content Size,Requests/s,Failures/s,50%,66%,75%,80%,90%,95%,98%,99%,99.9%,99.99%,100%
GET,/calculate,44301,0,21,58.54907785429523,7.724912837147713,595.7612358033657,18.0,142.59967801359792,0.0,21,32,65,92,180,240,300,350,470,540,600
GET,/transform,44606,0,2900.0,2805.841891799523,105.65510671585798,3328.7126068025827,36.0,143.58143693087175,0.0,2900,2900,3000,3000,3000,3100,3100,3100,3200,3300,3300
,Aggregated,88907,0,640.0,1436.907848916651,7.724912837147713,3328.7126068025827,27.030874959227056,286.1811149444697,0.0,640,2800,2900,2900,3000,3000,3100,3100,3200,3300,3300
