Type,Name,Request Count,Failure Count,Median Response Time,Average Response Time,Min Response Time,Max Response Time,Average Content Size,Requests/s,Failures/s,50%,66%,75%,80%,90%,95%,98%,99%,99.9%,99.99%,100%
GET,/,9600,2,7,15.213240071607288,1.7620492726564407,190.4651839286089,8647.200416666667,31.01590654268662,0.006461647196393045,7,10,13,16,28,74,110,140,180,190,190
GET,/basket.html,9171,0,7,10.507534356876556,1.9750474020838737,163.40314503759146,23388.0,29.629883219060307,0.0,7,10,12,14,21,29,42,52,97,160,160
POST,/cart,55506,0,26,31.874299725125745,10.472524911165237,265.76326228678226,0.0,179.33009464149617,0.0,26,31,35,38,51,73,100,120,200,220,270
GET,/catalogue,9536,0,10,16.086611775747787,3.3185482025146484,235.17267499119043,2795.0,30.80913383240204,0.0,10,13,17,20,33,52,78,100,210,240,240
GET,/category.html,9536,0,8,14.522209718796868,1.8824730068445206,265.50133991986513,11518.0,30.80913383240204,0.0,8,11,15,18,31,49,80,100,240,270,270
GET,/login,9598,0,59,64.15773584591048,7.74790346622467,342.54997596144676,13.0,31.009444895490223,0.0,59,62,65,67,82,110,140,170,310,340,340
POST,/orders,9100,9100,68,69.5638744689647,13.977045193314552,265.21964836865664,227.0,29.400494743588357,29.400494743588357,68,73,76,79,90,110,130,150,210,270,270
,Aggregated,112047,9102,24,31.70392345092488,1.7620492726564407,342.54997596144676,3892.863833926834,362.0040917071258,29.40695639078475,24,32,43,53,67,81,110,130,210,300,340
