Type,Name,Request Count,Failure Count,Median Response Time,Average Response Time,Min Response Time,Max Response Time,Average Content Size,Requests/s,Failures/s,50%,66%,75%,80%,90%,95%,98%,99%,99.9%,99.99%,100%
GET,/calculate,34288,0,74,95.46080812319897,8.461298421025276,462.8695221617818,18.0,110.85506521643178,0.0,74,110,140,160,210,260,310,340,430,460,460
GET,/transform,34515,0,350.0,343.81205464864246,59.85736567527056,817.9374914616346,36.0,111.5889692004533,0.0,350,420,450,480,540,590,630,660,730,770,820
,Aggregated,68803,0,180.0,220.04612088319027,8.461298421025276,817.9374914616346,27.02969347266834,222.4440344168851,0.0,180,280,350,390,480,540,600,640,720,750,820
