Type,Name,Request Count,Failure Count,Median Response Time,Average Response Time,Min Response Time,Max Response Time,Average Content Size,Requests/s,Failures/s,50%,66%,75%,80%,90%,95%,98%,99%,99.9%,99.99%,100%
GET,/createlayer,9669,0,12,24.97557871993787,3.4371474757790565,290.720890276134,38.0,31.246370681924578,0.0,12,19,32,40,60,81,110,130,280,290,290
GET,/createproject,9603,0,23,49.93025540398174,8.29310342669487,295.2743051573634,102.0,31.033084875222023,0.0,23,33,58,84,140,170,200,230,270,300,300
POST,/survey,56304,0,7,10.896976122575193,1.8282681703567505,172.5271586328745,99.0,181.95218273607213,0.0,7,10,12,14,21,29,47,63,130,170,170
,Aggregated,75576,0,9,17.657886854199607,1.8282681703567505,295.2743051573634,91.57700857415053,244.23163829321874,0.0,9,13,18,20,34,62,120,160,250,280,300
