Type,Name,Request Count,Failure Count,Median Response Time,Average Response Time,Min Response Time,Max Response Time,Average Content Size,Requests/s,Failures/s,50%,66%,75%,80%,90%,95%,98%,99%,99.9%,99.99%,100%
GET,/createlayer,9702,0,17,30.285486608199964,3.6314167082309723,202.15390156954527,38.0,31.360115110014537,0.0,17,33,45,52,71,86,120,140,190,200,200
GET,/createproject,9636,0,33,68.45157068290803,8.954189717769623,374.3515592068434,102.0,31.146780993619878,0.0,33,82,110,130,160,190,230,250,360,370,370
POST,/survey,56562,0,7,11.060037564580185,1.908784732222557,166.7196098715067,99.0,182.8273377502208,0.0,7,10,13,15,23,31,47,64,120,150,170
,Aggregated,75900,0,9,20.803780907787118,1.908784732222557,374.3515592068434,91.58347826086957,245.3342338538552,0.0,9,15,20,24,47,87,140,180,270,360,370
