Type,Name,Request Count,Failure Count,Median Response Time,Average Response Time,Min Response Time,Max Response Time,Average Content Size,Requests/s,Failures/s,50%,66%,75%,80%,90%,95%,98%,99%,99.9%,99.99%,100%
GET,/,1921,0,7,9.623639104729795,2.4839965626597404,61.08969449996948,8649.0,6.2253571139182,0.0,7,9,10,11,16,26,50,53,59,61,61
GET,/basket.html,1829,0,7,8.564751489345593,2.546152099967003,64.59478940814734,23388.0,5.92721403506319,0.0,7,9,10,11,14,17,20,23,46,65,65
POST,/cart,11098,0,32,34.18707077076417,13.856323435902596,118.80164220929146,0.0,35.96512922970546,0.0,32,36,38,40,46,52,60,66,97,120,120
GET,/catalogue,1908,0,11,13.653870900425146,4.833251237869263,102.76858415454626,2795.0,6.183228200601731,0.0,11,13,15,17,21,26,35,53,77,100,100
GET,/category.html,1909,0,7,9.398153615698819,2.4508778005838394,41.65864735841751,11518.0,6.186468886241459,0.0,7,9,11,12,17,21,27,30,39,42,42
GET,/login,1921,0,61,61.69376476487957,11.351176537573338,133.53895861655474,13.0,6.2253571139182,0.0,61,63,65,67,72,81,100,110,120,130,130
POST,/orders,1821,1821,73,64.30043894664591,20.362976007163525,143.21562182158232,227.0,5.901288549945363,5.901288549945363,73,76,79,80,85,90,97,100,120,140,140
,Aggregated,22407,1821,30,30.934865665805145,2.4508778005838394,143.21562182158232,3889.429330120052,72.61404312939361,5.901288549945363,30,35,40,45,62,73,81,88,110,120,140
