Type,Name,Request Count,Failure Count,Median Response Time,Average Response Time,Min Response Time,Max Response Time,Average Content Size,Requests/s,Failures/s,50%,66%,75%,80%,90%,95%,98%,99%,99.9%,99.99%,100%
GET,/calculate,35996,0,25,58.418820037985995,7.609817199409008,561.7807516828179,18.0,116.40338419570983,0.0,25,40,60,81,160,230,310,350,500,550,560
GET,/transform,36226,0,150.0,178.30205340339356,61.79356388747692,938.967858441174,36.0,117.14715512484122,0.0,150,190,210,230,290,360,460,530,810,890,940
,Aggregated,72222,0,99,118.55132830271495,7.609817199409008,938.967858441174,27.028661626651157,233.55053932055105,0.0,99,140,170,190,250,310,400,470,720,890,940
