Type,Name,Request Count,Failure Count,Median Response Time,Average Response Time,Min Response Time,Max Response Time,Average Content Size,Requests/s,Failures/s,50%,66%,75%,80%,90%,95%,98%,99%,99.9%,99.99%,100%
GET,/calculate,35382,0,38,62.864775850299814,8.660346269607544,563.2485747337341,18.0,114.38600585202002,0.0,38,59,77,93,150,200,280,320,470,560,560
GET,/transform,35618,0,220.0,244.19770444250142,61.173866502940655,876.0197125375271,36.0,115.1489671708001,0.0,220,280,320,350,420,480,540,580,860,870,880
,Aggregated,71000,0,120.0,153.83261036575104,8.660346269607544,876.0197125375271,27.029915492957745,229.53497302282014,0.0,120,190,230,260,360,430,500,540,670,870,880
