Type,Name,Request Count,Failure Count,Median Response Time,Average Response Time,Min Response Time,Max Response Time,Average Content Size,Requests/s,Failures/s,50%,66%,75%,80%,90%,95%,98%,99%,99.9%,99.99%,100%
GET,/calculate,45268,0,35,72.01316699171596,8.049056865274906,421.8014841899276,18.0,145.89698780836014,0.0,35,78,110,130,190,230,280,310,380,410,420
GET,/transform,45568,0,2700.0,2657.046640764729,81.18212502449751,3140.9877464175224,36.0,146.8638760371864,0.0,2700,2800,2800,2800,2800,2900,2900,2900,3000,3100,3100
,Aggregated,90836,0,590.0,1368.7986411747552,8.049056865274906,3140.9877464175224,27.029723898014,292.7608638455465,0.0,590,2700,2700,2700,2800,2800,2900,2900,3000,3100,3100
