Type,Name,Request Count,Failure Count,Median Response Time,Average Response Time,Min Response Time,Max Response Time,Average Content Size,Requests/s,Failures/s,50%,66%,75%,80%,90%,95%,98%,99%,99.9%,99.99%,100%
GET,/createlayer,9703,0,17,31.716424844545532,3.3957352861762047,317.9688788950443,38.0,31.343041502216227,0.0,17,34,45,52,74,92,120,140,310,320,320
GET,/createproject,9625,0,34,70.16295402709927,8.077512495219707,382.51395989209414,102.0,31.09108259907567,0.0,34,83,120,130,170,200,230,260,350,380,380
POST,/survey,56357,0,7,11.41688964919832,1.972617581486702,202.95099262148142,99.0,182.04676800375142,0.0,7,10,13,15,22,30,49,71,150,190,200
,Aggregated,75685,0,9,21.49018369210974,1.972617581486702,382.51395989209414,91.56116799894299,244.48089210504332,0.0,9,15,20,23,48,93,150,190,280,350,380
