Type,Name,Request Count,Failure Count,Median Response Time,Average Response Time,Min Response Time,Max Response Time,Average Content Size,Requests/s,Failures/s,50%,66%,75%,80%,90%,95%,98%,99%,99.9%,99.99%,100%
GET,/calculate,44998,0,43,85.56113099461453,7.845879532396793,543.9212368801236,18.0,145.3911669350052,0.0,43,95,130,160,220,270,320,360,450,520,540
GET,/transform,45309,0,2700.0,2661.754014677556,117.12751723825932,3182.8585052862763,36.0,146.3960261046747,0.0,2700,2800,2800,2800,2900,2900,3000,3000,3100,3200,3200
,Aggregated,90307,0,600.0,1378.0935301086486,7.845879532396793,3182.8585052862763,27.03099427508388,291.7871930396799,0.0,600,2700,2700,2700,2800,2900,2900,3000,3100,3200,3200
