{"RES_TIME": {"precision": 0.46153846153846156, "recall": 1.0, "f1": 0.631578947368421, "true_positive": 6, "true_negative": 0, "false_positive": 7, "false_negative": 0}, "CPU": {"precision": 0.7692307692307693, "recall": 1.0, "f1": 0.8695652173913044, "true_positive": 10, "true_negative": 0, "false_positive": 3, "false_negative": 0}, "MEM": {"precision": 0.6153846153846154, "recall": 1.0, "f1": 0.761904761904762, "true_positive": 8, "true_negative": 0, "false_positive": 5, "false_negative": 0}}