Type,Name,Request Count,Failure Count,Median Response Time,Average Response Time,Min Response Time,Max Response Time,Average Content Size,Requests/s,Failures/s,50%,66%,75%,80%,90%,95%,98%,99%,99.9%,99.99%,100%
GET,/createlayer,19362,0,13,30.843862255923806,3.4388992935419083,446.45136781036854,38.0,62.57521516083036,0.0,13,24,36,45,72,110,190,230,370,390,450
GET,/createproject,19235,0,24,56.015725528048115,8.391035720705986,454.7362169250846,102.0,62.1647693223103,0.0,24,40,75,100,150,190,230,250,360,450,450
POST,/survey,112825,0,8,14.045823955008256,1.723230816423893,370.4175120219588,99.0,364.6342655986306,0.0,8,11,15,18,29,42,72,110,270,360,370
,Aggregated,151422,0,10,21.525151095976863,1.723230816423893,454.7362169250846,91.5811506914451,489.37425008177127,0.0,10,16,21,25,45,85,150,190,320,380,450
