Type,Name,Request Count,Failure Count,Median Response Time,Average Response Time,Min Response Time,Max Response Time,Average Content Size,Requests/s,Failures/s,50%,66%,75%,80%,90%,95%,98%,99%,99.9%,99.99%,100%
GET,/calculate,45550,0,20,51.450934736947524,7.919802330434322,554.6780666336417,18.0,147.2936683514331,0.0,20,30,58,80,150,200,260,290,430,540,550
GET,/transform,45828,0,2700.0,2615.2677209853377,124.46995824575424,3067.4805557355285,36.0,148.19262861052638,0.0,2700,2700,2700,2700,2800,2800,2900,2900,2900,3000,3100
,Aggregated,91378,0,580.0,1337.2592877342986,7.919802330434322,3067.4805557355285,27.0273807699884,295.4862969619595,0.0,580,2600,2700,2700,2700,2800,2800,2900,2900,3000,3100
