Type,Name,Request Count,Failure Count,Median Response Time,Average Response Time,Min Response Time,Max Response Time,Average Content Size,Requests/s,Failures/s,50%,66%,75%,80%,90%,95%,98%,99%,99.9%,99.99%,100%
GET,/createlayer,9686,0,13,25.932067024844407,3.4879613667726517,361.06767132878304,38.0,31.29527241017979,0.0,13,20,31,40,62,81,110,130,350,360,360
GET,/createproject,9617,0,24,49.91673444491393,8.73630028218031,331.3041888177395,102.0,31.072334789252434,0.0,24,35,60,82,130,170,200,230,300,330,330
POST,/survey,56411,0,8,12.083192630056065,1.9152378663420677,147.45747204869986,99.0,182.26281353816356,0.0,8,11,14,17,24,33,51,68,120,140,150
,Aggregated,75714,0,10,18.66038270086738,1.9152378663420677,361.06767132878304,91.57739651847743,244.63042073759578,0.0,10,15,19,22,36,65,120,150,280,350,360
