Type,Name,Request Count,Failure Count,Median Response Time,Average Response Time,Min Response Time,Max Response Time,Average Content Size,Requests/s,Failures/s,50%,66%,75%,80%,90%,95%,98%,99%,99.9%,99.99%,100%
GET,/,1915,0,5,7.662632436474527,1.8499232828617096,63.33882175385952,8649.0,6.193491613942404,0.0,5,6,8,9,14,26,46,50,61,63,63
GET,/basket.html,1825,0,5,6.785222791033249,2.053520642220974,49.70770049840212,23388.0,5.902413679083493,0.0,5,7,8,9,13,16,20,23,47,50,50
POST,/cart,11122,0,26,28.028767746537415,11.749696917831898,101.66907589882612,0.0,35.9707643500091,0.0,26,30,33,35,42,49,58,63,82,100,100
GET,/catalogue,1902,0,8,10.827701730256043,3.4817270934581757,77.82905735075474,2795.0,6.151447023351673,0.0,8,10,12,13,19,28,49,55,73,78,78
GET,/category.html,1903,0,5,7.101333067819469,1.9683325663208961,49.784841015934944,11518.0,6.154681222627883,0.0,5,7,8,9,14,18,26,31,47,50,50
GET,/login,1915,0,56,57.29400915028065,9.00267343968153,126.50268711149693,13.0,6.193491613942404,0.0,56,58,59,61,66,77,110,110,130,130,130
POST,/orders,1815,1815,64,57.56221448299642,14.873161911964417,184.30110719054937,227.0,5.870071686321391,5.870071686321391,64,68,71,73,79,86,94,100,180,180,180
,Aggregated,22397,1815,22,26.213086570295438,1.8499232828617096,184.30110719054937,3880.773273206233,72.43636118927834,5.870071686321391,22,30,35,41,57,65,74,82,110,180,180
