Type,Name,Request Count,Failure Count,Median Response Time,Average Response Time,Min Response Time,Max Response Time,Average Content Size,Requests/s,Failures/s,50%,66%,75%,80%,90%,95%,98%,99%,99.9%,99.99%,100%
GET,/calculate,7249,0,55,86.82232119458033,8.913898840546608,592.5163570791483,18.0,23.43160919041204,0.0,55,100,130,150,210,250,310,380,530,590,590
GET,/transform,7301,0,98,112.18961021165038,60.101921670138836,395.7078503444791,36.0,23.599693571416513,0.0,98,120,130,140,170,190,230,260,380,400,400
,Aggregated,14550,0,89,99.551295566651,8.913898840546608,592.5163570791483,27.03216494845361,47.03130276182855,0.0,89,110,130,140,180,220,270,320,510,570,590
