Type,Name,Request Count,Failure Count,Median Response Time,Average Response Time,Min Response Time,Max Response Time,Average Content Size,Requests/s,Failures/s,50%,66%,75%,80%,90%,95%,98%,99%,99.9%,99.99%,100%
GET,/calculate,7282,0,27,73.49501413683771,8.735369890928268,447.882205247879,18.0,23.47205448479154,0.0,27,71,110,130,200,250,290,330,440,450,450
GET,/transform,7330,0,89,99.24006988783589,59.839410707354546,336.261966265738,36.0,23.626772778566597,0.0,89,97,110,120,140,170,190,210,250,340,340
,Aggregated,14612,0,82,86.40982789640633,8.735369890928268,447.882205247879,27.029564741308512,47.09882726335813,0.0,82,93,110,120,170,200,260,290,420,450,450
