Type,Name,Request Count,Failure Count,Median Response Time,Average Response Time,Min Response Time,Max Response Time,Average Content Size,Requests/s,Failures/s,50%,66%,75%,80%,90%,95%,98%,99%,99.9%,99.99%,100%
GET,/createlayer,1934,0,10,19.44507459215165,4.102058708667755,109.61784236133099,38.0,6.254599289271693,0.0,10,13,27,33,47,61,78,90,110,110,110
GET,/createproject,1922,0,21,45.713442472719684,9.760940447449684,338.74153438955545,102.0,6.215791020672282,0.0,21,24,36,72,130,160,200,220,300,340,340
POST,/survey,11370,0,6,6.994452143355011,2.060653641819954,74.73345659673214,99.0,36.77083449794165,0.0,6,7,8,8,10,13,19,23,49,70,75
,Aggregated,15226,0,7,13.463479020342508,2.060653641819954,338.74153438955545,91.63050045973992,49.24122480788562,0.0,7,9,11,14,21,39,110,140,230,300,340
