Type,Name,Request Count,Failure Count,Median Response Time,Average Response Time,Min Response Time,Max Response Time,Average Content Size,Requests/s,Failures/s,50%,66%,75%,80%,90%,95%,98%,99%,99.9%,99.99%,100%
GET,/createlayer,1954,0,10,19.380113051321544,4.5992666855454445,129.93230391293764,38.0,6.319937654528109,0.0,10,12,22,33,48,62,79,90,130,130,130
GET,/createproject,1941,0,21,44.0169386407346,11.23326551169157,291.91750288009644,102.0,6.277890986406889,0.0,21,23,32,60,130,160,190,210,290,290,290
POST,/survey,11372,0,6,7.257594012354268,2.254065126180649,80.41974436491728,99.0,36.781131528809446,0.0,6,7,8,8,11,14,19,25,56,80,80
,Aggregated,15267,0,7,13.482608103258066,2.254065126180649,291.91750288009644,91.57411410231218,49.378960169744445,0.0,7,9,11,14,21,40,110,140,220,290,290
