Type,Name,Request Count,Failure Count,Median Response Time,Average Response Time,Min Response Time,Max Response Time,Average Content Size,Requests/s,Failures/s,50%,66%,75%,80%,90%,95%,98%,99%,99.9%,99.99%,100%
GET,/calculate,45082,0,45,89.86607515271926,8.077388629317284,509.4088362529874,18.0,145.78875437951393,0.0,45,100,140,170,230,280,340,380,480,500,510
GET,/transform,45386,0,2600.0,2635.392873402455,1336.8422873318195,4815.98964612931,36.0,146.77184699588793,0.0,2600,2700,2700,2700,2800,2800,2900,3000,4400,4400,4800
,Aggregated,90468,0,1700.0,1366.9063464681371,8.077388629317284,4815.98964612931,27.03024273776363,292.56060137540186,0.0,1700,2600,2600,2700,2700,2800,2800,2900,4400,4400,4800
