Type,Name,Request Count,Failure Count,Median Response Time,Average Response Time,Min Response Time,Max Response Time,Average Content Size,Requests/s,Failures/s,50%,66%,75%,80%,90%,95%,98%,99%,99.9%,99.99%,100%
GET,/transform,48,48,130000.0,130070.45124674914,129590.0509133935,130688.69640678167,0.0,0.34607147095903174,0.34607147095903174,130000,131000,131000,131000,131000,131000,131000,131000,131000,131000,131000
,Aggregated,48,48,130000.0,130070.45124674914,129590.0509133935,130688.69640678167,0.0,0.34607147095903174,0.34607147095903174,130000,131000,131000,131000,131000,131000,131000,131000,131000,131000,131000
