Type,Name,Request Count,Failure Count,Median Response Time,Average Response Time,Min Response Time,Max Response Time,Average Content Size,Requests/s,Failures/s,50%,66%,75%,80%,90%,95%,98%,99%,99.9%,99.99%,100%
GET,/calculate,12680,0,39,2621.2929962623766,8.805596269667149,66081.35099243373,18.0,40.95380342969397,0.0,39,59,76,93,170,290,65000,66000,66000,66000,66000
GET,/transform,12933,500,270.0,5314.509427844229,63.13869822770357,131280.5151147768,34.60821155184412,41.77094162115395,1.6148976115809925,270,330,370,400,490,690,130000,131000,131000,131000,131000
,Aggregated,25613,500,130.0,3981.2027338818284,8.805596269667149,131280.5151147768,26.38613204232226,82.72474505084791,1.6148976115809925,130,230,290,330,430,570,66000,130000,131000,131000,131000
