Type,Name,Request Count,Failure Count,Median Response Time,Average Response Time,Min Response Time,Max Response Time,Average Content Size,Requests/s,Failures/s,50%,66%,75%,80%,90%,95%,98%,99%,99.9%,99.99%,100%
GET,/calculate,46054,0,17,23.47566930528787,7.885802537202835,341.382528655231,18.0,148.8221852710138,0.0,17,19,21,22,33,68,110,140,220,340,340
GET,/transform,46363,0,2600.0,2567.656356275871,67.82702077180147,2960.866424255073,36.0,149.82070994311053,0.0,2600,2700,2700,2700,2700,2800,2800,2800,2900,2900,3000
,Aggregated,92417,0,640.0,1299.8192986160966,7.885802537202835,2960.866424255073,27.03009186621509,298.64289521412434,0.0,640,2600,2600,2600,2700,2700,2800,2800,2900,2900,3000
