Type,Name,Request Count,Failure Count,Median Response Time,Average Response Time,Min Response Time,Max Response Time,Average Content Size,Requests/s,Failures/s,50%,66%,75%,80%,90%,95%,98%,99%,99.9%,99.99%,100%
GET,/createlayer,19338,0,21,38.81105773637532,3.0645839869976044,514.9363884702325,38.0,62.248619803833414,0.0,21,38,50,57,85,120,200,290,370,480,510
GET,/createproject,19218,0,43,77.93893592059186,8.360772393643856,673.3338329941034,102.0,61.862342299620984,0.0,43,94,130,140,180,220,260,290,540,670,670
POST,/survey,112451,0,9,17.60102238036587,1.742575317621231,583.3016978576779,99.0,361.97743021826824,0.0,9,14,18,22,36,58,100,140,310,530,580
,Aggregated,151007,0,12,27.996127813429066,1.742575317621231,673.3338329941034,91.5701192659943,486.08839232172267,0.0,12,19,26,34,68,120,180,220,370,570,670
