Type,Name,Request Count,Failure Count,Median Response Time,Average Response Time,Min Response Time,Max Response Time,Average Content Size,Requests/s,Failures/s,50%,66%,75%,80%,90%,95%,98%,99%,99.9%,99.99%,100%
GET,/createlayer,1948,0,11,25.429291951372548,3.832262009382248,179.64361608028412,38.0,6.2939634368433435,0.0,11,29,38,42,60,73,96,110,160,180,180
GET,/createproject,1932,0,29,67.82026117278059,9.078209288418293,323.23054783046246,102.0,6.242267638594117,0.0,29,93,120,130,160,180,210,220,280,320,320
POST,/survey,11291,0,6,7.259988642538785,2.0540961995720863,205.21050598472357,99.0,36.481078627001125,0.0,6,7,7,8,10,14,22,31,95,190,210
,Aggregated,15171,0,7,17.305222929931528,2.0540961995720863,323.23054783046246,91.54946938237427,49.01730970243859,0.0,7,8,11,17,36,87,140,170,230,280,320
