Type,Name,Request Count,Failure Count,Median Response Time,Average Response Time,Min Response Time,Max Response Time,Average Content Size,Requests/s,Failures/s,50%,66%,75%,80%,90%,95%,98%,99%,99.9%,99.99%,100%
GET,/createlayer,19435,0,13,32.40522929690807,3.2562511041760445,431.71668238937855,38.0,62.59603771894303,0.0,13,23,37,46,75,120,210,250,360,390,430
GET,/createproject,19311,0,24,59.43959532906032,8.820977061986923,748.5070358961821,102.0,62.196659860587026,0.0,24,42,80,110,160,200,250,280,430,720,750
POST,/survey,112771,0,8,14.908506080039544,1.7740614712238312,357.02485404908657,99.0,363.2116166505235,0.0,8,12,15,18,30,47,87,130,250,320,360
,Aggregated,151517,0,10,22.828334747500488,1.7740614712238312,748.5070358961821,91.55791759340536,488.0043142300536,0.0,10,16,21,25,49,97,160,210,340,540,750
