Type,Name,Request Count,Failure Count,Median Response Time,Average Response Time,Min Response Time,Max Response Time,Average Content Size,Requests/s,Failures/s,50%,66%,75%,80%,90%,95%,98%,99%,99.9%,99.99%,100%
GET,/createlayer,19291,0,19,37.072822115145115,3.3546900376677513,372.6002648472786,38.0,62.31829859335872,0.0,19,37,48,54,80,130,190,260,360,370,370
GET,/createproject,19163,0,43,72.34170666752874,7.850139401853085,453.5554479807615,102.0,61.904803065913285,0.0,43,89,120,130,170,190,230,260,370,450,450
POST,/survey,112511,0,8,16.07694109930211,1.827341504395008,313.502692617476,99.0,363.45933819073053,0.0,8,12,16,20,34,58,100,140,220,280,310
,Aggregated,150965,0,10,25.90195513077003,1.827341504395008,453.5554479807615,91.58595038585102,487.68243985000254,0.0,10,18,25,32,67,120,170,190,330,390,450
