Type,Name,Request Count,Failure Count,Median Response Time,Average Response Time,Min Response Time,Max Response Time,Average Content Size,Requests/s,Failures/s,50%,66%,75%,80%,90%,95%,98%,99%,99.9%,99.99%,100%
GET,/calculate,45125,0,22,60.451587772373514,7.981752976775169,595.5631695687771,18.0,145.663272263472,0.0,22,36,72,100,180,240,300,330,450,510,600
GET,/transform,45425,0,2700.0,2670.7229445196176,95.23007459938526,3200.4875214770436,36.0,146.63167074943414,0.0,2700,2800,2800,2800,2800,2900,2900,3000,3100,3200,3200
,Aggregated,90550,0,580.0,1369.9112937938498,7.981752976775169,3200.4875214770436,27.029817780231916,292.2949430129062,0.0,580,2700,2700,2700,2800,2800,2900,2900,3100,3200,3200
