Type,Name,Request Count,Failure Count,Median Response Time,Average Response Time,Min Response Time,Max Response Time,Average Content Size,Requests/s,Failures/s,50%,66%,75%,80%,90%,95%,98%,99%,99.9%,99.99%,100%
GET,/calculate,35527,0,44,85.83449121710589,8.177153766155243,710.6497092172503,18.0,114.89581041842536,0.0,44,84,120,150,230,280,340,380,560,700,710
GET,/transform,35741,0,180.0,201.99893958451136,64.0747919678688,867.8953945636749,36.0,115.58789540813862,0.0,180,220,250,270,330,390,460,510,660,690,870
,Aggregated,71268,0,130.0,144.091121810071,8.177153766155243,867.8953945636749,27.02702475164169,230.48370582656398,0.0,130,180,210,230,290,350,420,470,620,700,870
