Type,Name,Request Count,Failure Count,Median Response Time,Average Response Time,Min Response Time,Max Response Time,Average Content Size,Requests/s,Failures/s,50%,66%,75%,80%,90%,95%,98%,99%,99.9%,99.99%,100%
GET,/,15598,0,270.0,275.5662812523573,2.9494203627109528,834.3319268897176,8649.0,50.3817345372374,0.0,270,310,340,350,400,440,490,520,660,680,830
GET,/basket.html,14744,0,280.0,282.11148867829047,3.1929267570376396,681.4561914652586,23388.0,47.62330388620517,0.0,280,320,340,360,400,440,490,510,610,670,680
POST,/cart,90130,0,330.0,334.5566412051967,13.04909959435463,936.9388045743108,0.0,291.12102409547424,0.0,330,380,400,420,470,500,550,580,740,910,940
GET,/catalogue,15434,0,290.0,292.67480325371844,3.9141783490777016,686.4709882065654,2795.0,49.852012491840114,0.0,290,330,360,370,420,460,510,540,650,680,690
GET,/category.html,15452,0,290.0,285.5041183465226,2.855410799384117,670.7814242690802,11518.0,49.910152716334935,0.0,290,330,350,370,410,450,490,530,630,660,670
GET,/login,15582,0,320.0,331.5377830875699,36.58325131982565,752.9455116018653,13.0,50.33005433768645,0.0,320,370,400,420,470,520,570,610,690,720,750
POST,/orders,14633,14633,380.0,379.2883733884829,46.67110554873943,841.5553802624345,227.0,47.26477250182042,47.26477250182042,380,420,450,470,510,550,590,620,720,800,840
,Aggregated,181573,14633,320.0,320.8418970322895,2.855410799384117,936.9388045743108,3879.311334835025,586.4830545665988,47.26477250182042,320,360,390,410,460,500,540,580,680,890,940
