Type,Name,Request Count,Failure Count,Median Response Time,Average Response Time,Min Response Time,Max Response Time,Average Content Size,Requests/s,Failures/s,50%,66%,75%,80%,90%,95%,98%,99%,99.9%,99.99%,100%
GET,/createlayer,9731,0,12,25.229801098253244,3.4633995965123177,297.00010642409325,38.0,31.446479769377387,0.0,12,20,31,40,64,81,110,130,290,300,300
GET,/createproject,9677,0,23,49.92663134578521,8.87028407305479,328.8295352831483,102.0,31.271974589278077,0.0,23,32,54,77,140,170,210,240,290,330,330
POST,/survey,56301,0,8,11.516723541140227,1.9656307995319366,296.98019940406084,99.0,181.94103971798543,0.0,8,11,13,16,23,29,43,61,200,290,300
,Aggregated,75709,0,9,18.188778852051957,1.9656307995319366,328.8295352831483,91.54302658864864,244.6594940766409,0.0,9,15,19,21,33,63,120,160,260,300,330
