Type,Name,Request Count,Failure Count,Median Response Time,Average Response Time,Min Response Time,Max Response Time,Average Content Size,Requests/s,Failures/s,50%,66%,75%,80%,90%,95%,98%,99%,99.9%,99.99%,100%
GET,/createlayer,1936,0,11,25.908168047870518,3.735024482011795,292.05451905727386,38.0,6.258377203439061,0.0,11,29,39,44,59,75,96,110,280,290,290
GET,/createproject,1923,0,23,65.79281031713471,10.255974717438221,400.5468813702464,102.0,6.216352976349852,0.0,23,82,120,130,160,180,220,240,320,400,400
POST,/survey,11269,0,6,7.3940243421748715,2.1896781399846077,154.37687188386917,99.0,36.4285396206378,0.0,6,7,7,8,10,13,21,31,120,150,150
,Aggregated,15128,0,7,17.186742986019038,2.1896781399846077,400.5468813702464,91.57489423585405,48.90326980042671,0.0,7,9,11,16,34,81,140,170,240,320,400
