Type,Name,Request Count,Failure Count,Median Response Time,Average Response Time,Min Response Time,Max Response Time,Average Content Size,Requests/s,Failures/s,50%,66%,75%,80%,90%,95%,98%,99%,99.9%,99.99%,100%
GET,/,9572,0,6,12.59457480553125,1.644400879740715,203.37192341685295,8649.0,30.953275188167638,0.0,6,8,10,11,19,68,110,130,180,200,200
GET,/basket.html,9149,0,5,7.6183617582870635,1.7623035237193108,114.55714050680399,23388.0,29.58540688430273,0.0,5,7,9,10,14,20,31,38,83,110,110
POST,/cart,56004,1,19,23.12989609927494,9.183412417769432,188.80966771394014,0.00019641454181844155,181.1018829542562,0.0032337312148106603,19,22,25,27,35,50,76,94,160,170,190
GET,/catalogue,9515,0,8,13.059830262129456,3.032492473721504,175.3554679453373,2795.0,30.76895250892343,0.0,8,10,12,14,22,43,85,110,170,180,180
GET,/category.html,9516,0,6,10.989246617187598,1.7562201246619225,191.89120922237635,11518.0,30.772186240138243,0.0,6,8,10,12,20,36,83,110,150,190,190
GET,/login,9569,0,56,60.35274826214052,7.391991093754768,275.51114931702614,13.0,30.943573994523206,0.0,56,58,61,63,72,100,150,170,230,280,280
POST,/orders,9072,9072,64,63.41558374656279,12.747750617563725,293.9109345898032,227.0,29.33640958076231,29.33640958076231,64,67,69,71,79,90,110,130,240,290,290
,Aggregated,112397,9073,17,25.51030670330584,1.644400879740715,293.9109345898032,3871.5313131133394,363.46168735107375,29.33964331197712,17,23,30,42,61,70,92,120,170,250,290
