Type,Name,Request Count,Failure Count,Median Response Time,Average Response Time,Min Response Time,Max Response Time,Average Content Size,Requests/s,Failures/s,50%,66%,75%,80%,90%,95%,98%,99%,99.9%,99.99%,100%
GET,/calculate,7251,0,33,96.73063885721112,9.450679644942284,895.6972816959023,18.0,23.398512600211564,0.0,33,93,140,170,250,320,430,540,770,900,900
GET,/transform,7297,0,94,113.4893420379932,60.02729758620262,735.7907388359308,36.0,23.54695165408134,0.0,94,110,130,140,170,210,280,330,700,740,740
,Aggregated,14548,0,87,105.13648551037079,9.450679644942284,895.6972816959023,27.028457519934012,46.9454642542929,0.0,87,110,130,150,210,280,370,470,740,860,900
