Type,Name,Request Count,Failure Count,Median Response Time,Average Response Time,Min Response Time,Max Response Time,Average Content Size,Requests/s,Failures/s,50%,66%,75%,80%,90%,95%,98%,99%,99.9%,99.99%,100%
GET,/calculate,7313,0,25,73.41563221131885,8.667824789881706,577.4808553978801,18.0,23.64966085826061,0.0,25,66,100,130,210,260,320,360,460,580,580
GET,/transform,7370,0,89,101.1263300986958,59.48429834097624,489.7148860618472,36.0,23.833994328644977,0.0,89,100,110,120,150,170,200,230,300,490,490
,Aggregated,14683,0,81,87.32476818012414,8.667824789881706,577.4808553978801,27.034938364094533,47.48365518690559,0.0,81,94,110,120,170,220,280,320,420,560,580
