Type,Name,Request Count,Failure Count,Median Response Time,Average Response Time,Min Response Time,Max Response Time,Average Content Size,Requests/s,Failures/s,50%,66%,75%,80%,90%,95%,98%,99%,99.9%,99.99%,100%
GET,/createlayer,9665,0,15,30.55824526319202,3.333139233291149,319.99058090150356,38.0,31.220492102418778,0.0,15,32,44,51,71,87,120,150,310,320,320
GET,/createproject,9590,0,32,68.45850191653024,8.572457358241081,365.64667243510485,102.0,30.978222375809214,0.0,32,81,110,130,160,190,230,250,340,370,370
POST,/survey,56384,0,7,11.36781272740237,1.8486091867089272,311.96726579219103,99.0,182.1351502020466,0.0,7,10,12,14,21,30,51,75,220,290,310
,Aggregated,75639,0,9,21.0582533702208,1.8486091867089272,365.64667243510485,91.58590145295416,244.3338646802746,0.0,9,14,19,23,47,91,150,180,290,340,370
