Type,Name,Request Count,Failure Count,Median Response Time,Average Response Time,Min Response Time,Max Response Time,Average Content Size,Requests/s,Failures/s,50%,66%,75%,80%,90%,95%,98%,99%,99.9%,99.99%,100%
GET,/calculate,35367,0,33,44.26366935735092,8.378901518881321,252.86294240504503,18.0,114.31679415415928,0.0,33,48,59,67,91,110,140,160,200,250,250
GET,/transform,35616,0,250.0,271.66200477427714,60.277326963841915,795.222682878375,36.0,115.12163713615905,0.0,250,320,370,400,490,560,620,650,730,760,800
,Aggregated,70983,0,95,158.36168034884528,8.378901518881321,795.222682878375,27.03157093952073,229.43843129031833,0.0,95,170,250,290,400,490,580,620,710,750,800
