Type,Name,Request Count,Failure Count,Median Response Time,Average Response Time,Min Response Time,Max Response Time,Average Content Size,Requests/s,Failures/s,50%,66%,75%,80%,90%,95%,98%,99%,99.9%,99.99%,100%
GET,/,9556,0,6,13.91796232941851,1.724766567349434,186.94812152534723,8649.0,30.861058788131817,0.0,6,9,11,13,22,85,120,130,160,190,190
GET,/basket.html,9131,0,6,8.707724558031417,1.8854131922125816,147.796462289989,23388.0,29.48852320996564,0.0,6,8,10,12,17,23,33,40,93,150,150
POST,/cart,55778,0,22,27.05401193214707,10.199558921158314,187.77919746935368,0.0,180.1347987740076,0.0,22,26,29,32,43,61,89,100,160,170,190
GET,/catalogue,9497,0,9,14.534462976942248,3.1402232125401497,206.901540979743,2795.0,30.670518554927572,0.0,9,12,14,17,28,50,78,110,150,210,210
GET,/category.html,9498,0,7,12.184064803246129,1.800999976694584,166.09970200806856,11518.0,30.67374805040561,0.0,7,10,12,14,25,43,69,93,150,170,170
GET,/login,9554,0,57,61.59101798760016,7.624270394444466,236.83515843003988,13.0,30.854599797175744,0.0,57,60,62,65,75,110,140,170,210,240,240
POST,/orders,9057,9057,65,65.15981333898507,13.397335074841976,210.21352894604206,227.0,29.249540544590822,29.249540544590822,65,69,72,75,83,94,110,130,170,210,210
,Aggregated,112071,9057,20,28.1418031084632,1.724766567349434,236.83515843003988,3875.4708354525255,361.9327877192048,29.249540544590822,20,27,35,49,63,74,99,120,170,210,240
