Type,Name,Request Count,Failure Count,Median Response Time,Average Response Time,Min Response Time,Max Response Time,Average Content Size,Requests/s,Failures/s,50%,66%,75%,80%,90%,95%,98%,99%,99.9%,99.99%,100%
GET,/calculate,7379,0,21,21.82124576529205,10.421764105558395,102.15665865689516,18.0,23.888759091386596,0.0,21,22,23,24,26,29,34,39,71,100,100
GET,/transform,7428,0,83,85.03418814079454,60.678971000015736,211.07384283095598,36.0,24.047391588402174,0.0,83,88,91,93,100,110,130,140,170,210,210
,Aggregated,14807,0,65,53.53231052960842,10.421764105558395,211.07384283095598,27.029783210643615,47.93615067978877,0.0,65,77,83,86,93,100,110,130,170,180,210
