Type,Name,Request Count,Failure Count,Median Response Time,Average Response Time,Min Response Time,Max Response Time,Average Content Size,Requests/s,Failures/s,50%,66%,75%,80%,90%,95%,98%,99%,99.9%,99.99%,100%
GET,/createlayer,9669,0,13,25.94573142733057,3.503565676510334,191.54252018779516,38.0,31.24402924888368,0.0,13,21,34,43,66,85,110,130,170,190,190
GET,/createproject,9600,0,24,51.197502651581694,8.622636087238789,297.12442960590124,102.0,31.021065341739927,0.0,24,35,60,84,140,170,200,230,290,300,300
POST,/survey,56301,0,8,12.331588096590867,1.9711749628186226,187.69667949527502,99.0,181.92885414638536,0.0,8,11,14,17,24,34,51,68,150,170,190
,Aggregated,75570,0,10,19.010798518621225,1.9711749628186226,297.12442960590124,91.57630011909488,244.19394873700898,0.0,10,15,19,22,37,67,130,160,240,290,300
