Type,Name,Request Count,Failure Count,Median Response Time,Average Response Time,Min Response Time,Max Response Time,Average Content Size,Requests/s,Failures/s,50%,66%,75%,80%,90%,95%,98%,99%,99.9%,99.99%,100%
GET,/,9611,0,6,13.409968764217782,1.729312352836132,191.0730693489313,8649.0,31.0692174329886,0.0,6,9,11,13,22,65,110,140,170,190,190
GET,/basket.html,9187,0,6,8.672034947169779,1.8208008259534836,124.15519449859858,23388.0,29.69856420319075,0.0,6,8,10,11,17,23,35,44,99,120,120
POST,/cart,55592,0,23,27.910352932700157,10.603479109704494,222.09682874381542,0.0,179.71074139368457,0.0,23,27,30,33,44,60,88,100,150,210,220
GET,/catalogue,9549,0,9,14.199052374673046,3.1265197321772575,226.0356778278947,2795.0,30.868791724857783,0.0,9,11,14,17,27,48,74,94,200,230,230
GET,/category.html,9549,0,7,11.958698964169518,1.760338433086872,205.9781914576888,11518.0,30.868791724857783,0.0,7,9,12,14,24,40,67,100,180,210,210
GET,/login,9606,0,57,61.55484556395955,7.973974570631981,274.44101590663195,13.0,31.053054069429663,0.0,57,60,63,65,76,100,140,170,230,270,270
POST,/orders,9111,9111,65,65.74766562069752,13.406160287559032,297.0544742420316,227.0,29.452881077094908,29.452881077094908,65,69,72,74,84,98,120,140,230,300,300
,Aggregated,112205,9111,21,28.521444949684874,1.729312352836132,297.0544742420316,3893.4005347355287,362.72204162610404,29.452881077094908,21,28,37,50,63,74,97,120,190,240,300
