Type,Name,Request Count,Failure Count,Median Response Time,Average Response Time,Min Response Time,Max Response Time,Average Content Size,Requests/s,Failures/s,50%,66%,75%,80%,90%,95%,98%,99%,99.9%,99.99%,100%
GET,/createlayer,1931,0,10,19.538016191619565,4.40362561494112,138.68217263370752,38.0,6.246921563535655,0.0,10,12,27,34,47,62,79,92,120,140,140
GET,/createproject,1918,0,21,48.21569005433349,10.196809656918049,346.39727510511875,102.0,6.204865644154006,0.0,21,24,53,92,140,160,200,220,340,350,350
POST,/survey,11281,0,6,6.976999960048524,2.088826149702072,71.29569724202156,99.0,36.494832811106015,0.0,6,7,7,8,9,12,19,26,50,70,71
,Aggregated,15130,0,7,13.807874378026202,2.088826149702072,346.39727510511875,91.59504296100462,48.94662001879568,0.0,7,8,10,13,22,44,110,150,220,340,350
