Type,Name,Request Count,Failure Count,Median Response Time,Average Response Time,Min Response Time,Max Response Time,Average Content Size,Requests/s,Failures/s,50%,66%,75%,80%,90%,95%,98%,99%,99.9%,99.99%,100%
GET,/createlayer,9680,0,12,24.68449326149334,3.4790895879268646,343.6554428189993,38.0,31.29197595076849,0.0,12,18,29,39,60,80,110,130,340,340,340
GET,/createproject,9616,0,23,49.06936706392057,8.709999732673168,332.364147529006,102.0,31.085086853573326,0.0,23,32,53,82,140,170,200,230,280,330,330
POST,/survey,56258,0,7,11.216162231300604,1.7822710797190666,181.14622216671705,99.0,181.86198171883612,0.0,7,10,13,15,21,30,48,66,130,180,180
,Aggregated,75554,0,9,17.75942747262124,1.7822710797190666,343.6554428189993,91.56648225110517,244.23904452317794,0.0,9,14,18,20,33,63,120,150,250,340,340
