Type,Name,Request Count,Failure Count,Median Response Time,Average Response Time,Min Response Time,Max Response Time,Average Content Size,Requests/s,Failures/s,50%,66%,75%,80%,90%,95%,98%,99%,99.9%,99.99%,100%
GET,/calculate,7415,0,21,22.34994744089453,9.533390402793884,192.43873562663794,18.0,23.98982555867504,0.0,21,22,23,24,26,29,34,42,170,190,190
GET,/transform,7469,0,80,99.04050448811394,60.19586604088545,4543.784613721073,36.0,24.164532312575034,0.0,80,86,88,90,97,110,120,160,4500,4500,4500
,Aggregated,14884,0,65,60.83434481966917,9.533390402793884,4543.784613721073,27.032652512765385,48.15435787125008,0.0,65,75,80,84,91,97,110,130,3500,4500,4500
