Type,Name,Request Count,Failure Count,Median Response Time,Average Response Time,Min Response Time,Max Response Time,Average Content Size,Requests/s,Failures/s,50%,66%,75%,80%,90%,95%,98%,99%,99.9%,99.99%,100%
GET,/createlayer,19303,0,13,35.08097160499888,3.3667990937829018,594.1626699641347,38.0,62.37927757961594,0.0,13,24,39,48,78,130,200,310,580,590,590
GET,/createproject,19181,0,25,60.06926899395876,8.399598300457,424.6541438624263,102.0,61.98502425812637,0.0,25,47,85,110,160,200,250,280,360,380,420
POST,/survey,112344,0,8,15.726582439723959,1.858903095126152,279.5410668477416,99.0,363.04914056905005,0.0,8,13,17,20,32,53,89,130,210,260,280
,Aggregated,150828,0,11,23.842680543882864,1.858903095126152,594.1626699641347,91.57472087410825,487.41344240679234,0.0,11,17,22,27,54,99,160,200,450,580,590
