Type,Name,Request Count,Failure Count,Median Response Time,Average Response Time,Min Response Time,Max Response Time,Average Content Size,Requests/s,Failures/s,50%,66%,75%,80%,90%,95%,98%,99%,99.9%,99.99%,100%
GET,/calculate,35901,0,25,55.60450057629155,8.46950989216566,506.32134452462196,18.0,116.10148745700761,0.0,25,42,64,81,140,210,290,330,430,480,510
GET,/transform,36124,0,160.0,190.4404083184973,62.47232761234045,838.525160215795,36.0,116.82265488139447,0.0,160,200,230,250,320,390,500,560,790,840,840
,Aggregated,72025,0,100.0,123.23119035455521,8.46950989216566,838.525160215795,27.02786532454009,232.92414233840208,0.0,100,150,180,200,260,330,430,500,680,830,840
