Type,Name,Request Count,Failure Count,Median Response Time,Average Response Time,Min Response Time,Max Response Time,Average Content Size,Requests/s,Failures/s,50%,66%,75%,80%,90%,95%,98%,99%,99.9%,99.99%,100%
GET,/createlayer,1937,0,12,29.074101963656954,3.976665437221527,215.74731450527906,38.0,6.261602621510743,0.0,12,34,44,49,67,86,110,120,190,220,220
GET,/createproject,1929,0,29,73.7273776618896,9.71673708409071,413.01310434937477,102.0,6.235741588484369,0.0,29,100,130,140,170,200,240,270,390,410,410
POST,/survey,11196,0,6,6.653612122959822,2.048743888735771,72.92559929192066,99.0,36.19251572041006,0.0,6,7,7,8,9,11,16,21,39,71,73
,Aggregated,15062,0,7,18.127107179793303,2.048743888735771,413.01310434937477,91.53950338600451,48.68985993040517,0.0,7,8,10,15,38,96,150,180,280,390,410
