Type,Name,Request Count,Failure Count,Median Response Time,Average Response Time,Min Response Time,Max Response Time,Average Content Size,Requests/s,Failures/s,50%,66%,75%,80%,90%,95%,98%,99%,99.9%,99.99%,100%
GET,/createlayer,1955,0,10,19.11375938397844,3.7749959155917168,160.72975285351276,38.0,6.3207259417128485,0.0,10,13,23,32,45,57,72,85,160,160,160
GET,/createproject,1932,0,21,43.41035085541291,9.354975074529648,280.52262403070927,102.0,6.246364460045638,0.0,21,24,38,66,120,150,170,190,250,280,280
POST,/survey,11333,0,6,7.4936655996523305,2.1108482033014297,183.5185270756483,99.0,36.64081181454307,0.0,6,7,8,8,10,14,21,28,85,180,180
,Aggregated,15220,0,7,13.545460557765798,2.1108482033014297,280.52262403070927,91.54540078843627,49.20790221630156,0.0,7,9,11,15,22,40,110,130,200,250,280
