Type,Name,Request Count,Failure Count,Median Response Time,Average Response Time,Min Response Time,Max Response Time,Average Content Size,Requests/s,Failures/s,50%,66%,75%,80%,90%,95%,98%,99%,99.9%,99.99%,100%
GET,/calculate,7224,0,63,89.73328604085468,8.617608807981014,425.8167129009962,18.0,23.375278609808174,0.0,63,110,140,160,210,250,290,310,380,430,430
GET,/transform,7280,0,100.0,114.87416918338327,60.50490774214268,308.8841363787651,36.0,23.556482319961724,0.0,100,120,140,150,170,200,220,240,290,310,310
,Aggregated,14504,0,92,102.35226213556015,8.617608807981014,425.8167129009962,27.034749034749034,46.931760929769894,0.0,92,120,140,150,190,220,260,290,360,410,430
