Type,Name,Request Count,Failure Count,Median Response Time,Average Response Time,Min Response Time,Max Response Time,Average Content Size,Requests/s,Failures/s,50%,66%,75%,80%,90%,95%,98%,99%,99.9%,99.99%,100%
GET,/createlayer,1931,0,10,19.052778728063213,4.256675951182842,141.89511723816395,38.0,6.222143576129245,0.0,10,12,23,31,45,60,78,88,140,140,140
GET,/createproject,1917,0,21,44.17251407940778,10.11391170322895,317.0687099918723,102.0,6.177032229642549,0.0,21,24,41,70,130,150,180,200,270,320,320
POST,/survey,11292,0,6,7.254562201044379,2.058100886642933,133.9401239529252,99.0,36.385523180554856,0.0,6,7,8,8,10,13,18,23,61,130,130
,Aggregated,15140,0,7,13.433827053388898,2.058100886642933,317.0687099918723,91.5997357992074,48.78469898632665,0.0,7,9,11,14,21,39,100,140,210,270,320
