Type,Name,Request Count,Failure Count,Median Response Time,Average Response Time,Min Response Time,Max Response Time,Average Content Size,Requests/s,Failures/s,50%,66%,75%,80%,90%,95%,98%,99%,99.9%,99.99%,100%
GET,/calculate,4346,0,22,52.42528895077326,9.051787666976452,524.1370918229222,18.0,14.069009582092145,0.0,22,26,42,72,150,210,270,310,510,520,520
GET,/transform,4409,100,87,2897.1789157367443,60.283662751317024,127581.38438500464,35.18348831934679,14.27295518809118,0.32372318412545203,87,93,100,110,140,180,119000,123000,127000,128000,128000
,Aggregated,8755,100,77,1485.0373666777118,9.051787666976452,127581.38438500464,26.653569388920616,28.341964770183324,0.32372318412545203,77,87,94,100,140,210,370,119000,127000,128000,128000
