Type,Name,Request Count,Failure Count,Median Response Time,Average Response Time,Min Response Time,Max Response Time,Average Content Size,Requests/s,Failures/s,50%,66%,75%,80%,90%,95%,98%,99%,99.9%,99.99%,100%
GET,/,1902,0,6,8.754748606233692,1.9769007340073586,69.98578645288944,8649.0,6.14458699613919,0.0,6,7,9,10,16,28,50,52,70,70,70
GET,/basket.html,1819,0,6,7.838756412292261,2.2188443690538406,92.78308507055044,23388.0,5.876447815971181,0.0,6,8,10,11,14,17,21,26,52,93,93
POST,/cart,11121,0,28,28.933430092137755,11.595839634537697,101.06092225760221,0.0,35.92741954998104,0.0,28,31,34,36,42,48,56,63,93,100,100
GET,/catalogue,1888,0,9,11.662200096722344,3.737230785191059,85.47945227473974,2795.0,6.099358700689165,0.0,9,11,13,14,20,27,51,56,76,85,85
GET,/category.html,1888,0,6,8.398537212288229,2.1124212071299553,89.50608037412167,11518.0,6.099358700689165,0.0,6,8,10,11,16,21,29,35,86,90,90
GET,/login,1902,0,57,58.11789167504347,8.808926679193974,126.32950767874718,13.0,6.14458699613919,0.0,57,59,61,62,68,81,100,110,120,130,130
POST,/orders,1802,1802,66,59.19181693967568,15.675903297960758,231.1034994199872,227.0,5.821527742924721,5.821527742924721,66,71,73,74,79,86,94,100,210,230,230
,Aggregated,22322,1802,24,27.22683728825017,1.9769007340073586,231.1034994199872,3872.856106083684,72.11328650253365,5.821527742924721,24,31,36,41,58,67,76,84,110,200,230
