Type,Name,Request Count,Failure Count,Median Response Time,Average Response Time,Min Response Time,Max Response Time,Average Content Size,Requests/s,Failures/s,50%,66%,75%,80%,90%,95%,98%,99%,99.9%,99.99%,100%
GET,/createlayer,1933,0,10,19.51950977171448,3.668667748570442,188.42605408281088,38.0,6.248708499489819,0.0,10,13,22,31,46,60,79,92,170,190,190
GET,/createproject,1925,0,22,46.61542741751129,9.791407734155655,295.4085525125265,102.0,6.2228473158395765,0.0,22,25,42,79,130,160,200,220,280,300,300
POST,/survey,11317,0,6,7.762085502458496,2.0680679008364677,169.70649734139442,99.0,36.58387692122415,0.0,6,7,8,9,12,16,22,28,59,150,170
,Aggregated,15175,0,7,14.188430431549003,2.0680679008364677,295.4085525125265,91.61034596375617,49.05543273655355,0.0,7,9,12,15,23,43,110,140,230,280,300
