Type,Name,Request Count,Failure Count,Median Response Time,Average Response Time,Min Response Time,Max Response Time,Average Content Size,Requests/s,Failures/s,50%,66%,75%,80%,90%,95%,98%,99%,99.9%,99.99%,100%
GET,/calculate,7348,0,21,50.47859132688373,8.822399191558361,519.1074628382921,18.0,23.755966316986957,0.0,21,24,30,52,150,220,300,330,460,520,520
GET,/transform,7394,0,85,93.41983411139674,60.998753644526005,497.1805075183511,36.0,23.90468358026695,0.0,85,91,97,100,130,150,190,220,360,500,500
,Aggregated,14742,0,74,72.01620828175344,8.822399191558361,519.1074628382921,27.028083028083028,47.660649897253904,0.0,74,84,91,97,130,180,250,300,420,500,520
