Type,Name,Request Count,Failure Count,Median Response Time,Average Response Time,Min Response Time,Max Response Time,Average Content Size,Requests/s,Failures/s,50%,66%,75%,80%,90%,95%,98%,99%,99.9%,99.99%,100%
GET,/createlayer,19436,0,13,44.7440242187706,3.3107176423072815,1702.0883541554213,38.0,62.57599607614644,0.0,13,21,35,44,71,130,340,670,1700,1700,1700
GET,/createproject,19314,0,24,62.91303352919682,8.052519522607327,1779.5004360377789,102.0,62.183205814709424,0.0,24,39,69,95,150,200,250,320,1700,1800,1800
POST,/survey,112798,0,8,14.192648768023323,1.7739031463861465,272.50814717262983,99.0,363.1635730292841,0.0,8,12,15,18,28,44,76,120,200,260,270
,Aggregated,151548,0,10,24.320014649051306,1.7739031463861465,1779.5004360377789,91.5590967878164,487.92277492014,0.0,10,16,20,24,45,86,160,200,1600,1700,1800
