Type,Name,Request Count,Failure Count,Median Response Time,Average Response Time,Min Response Time,Max Response Time,Average Content Size,Requests/s,Failures/s,50%,66%,75%,80%,90%,95%,98%,99%,99.9%,99.99%,100%
GET,/calculate,7317,0,22,52.13208563622758,8.77618882805109,451.9791966304183,18.0,23.663566895386065,0.0,22,25,30,51,160,240,300,320,400,450,450
GET,/transform,7362,0,87,95.50587269428209,61.80631462484598,280.69928381592035,36.0,23.80909928711661,0.0,87,94,100,110,130,160,180,200,240,280,280
,Aggregated,14679,0,76,73.88546259115621,8.77618882805109,451.9791966304183,27.02759043531576,47.47266618250268,0.0,76,87,94,100,140,190,260,300,380,450,450
