Type,Name,Request Count,Failure Count,Median Response Time,Average Response Time,Min Response Time,Max Response Time,Average Content Size,Requests/s,Failures/s,50%,66%,75%,80%,90%,95%,98%,99%,99.9%,99.99%,100%
GET,/calculate,45574,0,22,64.74558242214584,8.06494802236557,688.0465857684612,18.0,146.78581612703334,0.0,22,35,72,100,190,270,340,410,580,670,690
GET,/transform,45874,0,2700.0,2620.3489132200257,151.81704703718424,3084.439819678664,36.0,147.75206321612163,0.0,2700,2700,2700,2800,2800,2900,2900,2900,3000,3100,3100
,Aggregated,91448,0,560.0,1346.739143757791,8.06494802236557,3084.439819678664,27.02952497594261,294.53787934315494,0.0,560,2600,2700,2700,2800,2800,2900,2900,3000,3100,3100
