Type,Name,Request Count,Failure Count,Median Response Time,Average Response Time,Min Response Time,Max Response Time,Average Content Size,Requests/s,Failures/s,50%,66%,75%,80%,90%,95%,98%,99%,99.9%,99.99%,100%
GET,/calculate,7284,0,26,77.03797513632362,8.189624175429344,534.975441172719,18.0,23.477835146880526,0.0,26,75,120,150,210,250,300,340,450,530,530
GET,/transform,7333,0,89,114.97771303877732,59.89598110318184,4080.8148831129074,36.0,23.63577225865938,0.0,89,100,110,120,150,180,220,250,4000,4100,4100
,Aggregated,14617,0,82,96.07143604066056,8.189624175429344,4080.8148831129074,27.03017034959294,47.11360740553991,0.0,82,96,110,130,180,220,280,320,3000,4000,4100
