Type,Name,Request Count,Failure Count,Median Response Time,Average Response Time,Min Response Time,Max Response Time,Average Content Size,Requests/s,Failures/s,50%,66%,75%,80%,90%,95%,98%,99%,99.9%,99.99%,100%
GET,/createlayer,1915,0,10,20.18270513417282,4.9535781145095825,127.2377660498023,38.0,6.192595400496219,0.0,10,13,26,34,49,62,83,98,120,130,130
GET,/createproject,1893,0,21,45.250444546562306,9.675664827227592,278.5162003710866,102.0,6.121453312344305,0.0,21,24,38,75,130,160,190,210,240,280,280
POST,/survey,11346,0,6,7.032908492756256,2.1737320348620415,76.4676220715046,99.0,36.68991509871024,0.0,6,7,7,8,10,13,19,26,51,62,76
,Aggregated,15154,0,7,13.468678343499795,2.1737320348620415,278.5162003710866,91.66622673881483,49.00396381155076,0.0,7,9,10,13,22,42,110,140,220,240,280
