Type,Name,Request Count,Failure Count,Median Response Time,Average Response Time,Min Response Time,Max Response Time,Average Content Size,Requests/s,Failures/s,50%,66%,75%,80%,90%,95%,98%,99%,99.9%,99.99%,100%
GET,/createlayer,19301,0,13,29.96522822273478,3.045765683054924,534.0904500335455,38.0,62.380791057846594,0.0,13,21,34,43,71,110,160,240,420,530,530
GET,/createproject,19186,0,24,56.50679932989356,8.96383635699749,478.51180378347635,102.0,62.00911130178979,0.0,24,37,70,96,160,200,240,290,420,460,480
POST,/survey,112456,0,8,13.981185044520274,1.7291130498051643,391.049032099545,99.0,363.4575534532509,0.0,8,11,15,17,26,42,77,120,260,330,390
,Aggregated,150943,0,10,21.430384100202815,1.7291130498051643,534.0904500335455,91.58128565087483,487.8474558128873,0.0,10,16,20,23,44,85,160,200,350,440,530
