Type,Name,Request Count,Failure Count,Median Response Time,Average Response Time,Min Response Time,Max Response Time,Average Content Size,Requests/s,Failures/s,50%,66%,75%,80%,90%,95%,98%,99%,99.9%,99.99%,100%
GET,/,1922,0,4,7.718826111592159,1.962294802069664,70.89319173246622,8649.0,6.221756044700221,0.0,4,6,7,8,14,27,51,56,63,71,71
GET,/basket.html,1831,0,5,6.428511939426057,2.082381397485733,63.8312017545104,23388.0,5.927177584727422,0.0,5,6,8,9,12,16,20,24,38,64,64
POST,/cart,11142,1,22,24.48116924417787,6.616903468966484,88.17793615162373,0.0009872554299048646,36.06805715403219,0.003237125933767025,22,26,29,31,37,44,54,62,80,87,88
GET,/catalogue,1910,0,8,10.748740377792044,3.5245101898908615,87.84749917685986,2795.0,6.182910533495018,0.0,8,10,12,13,18,31,49,53,68,88,88
GET,/category.html,1910,0,5,7.305961755635851,2.1066172048449516,72.74137530475855,11518.0,6.182910533495018,0.0,5,7,8,10,15,20,29,34,52,73,73
GET,/login,1922,0,55,56.07081434721443,7.923636585474014,129.08391281962395,13.0,6.221756044700221,0.0,55,57,59,60,65,76,96,100,130,130,130
POST,/orders,1822,1822,63,56.82943689224896,13.294750824570656,273.9664949476719,227.0,5.898043451323519,5.898043451323519,63,67,69,71,76,81,91,96,260,270,270
,Aggregated,22459,1823,19,24.27406372207445,1.962294802069664,273.9664949476719,3883.664766908589,72.70261134647362,5.901280577257286,19,26,31,37,56,64,72,79,110,240,270
