Type,Name,Request Count,Failure Count,Median Response Time,Average Response Time,Min Response Time,Max Response Time,Average Content Size,Requests/s,Failures/s,50%,66%,75%,80%,90%,95%,98%,99%,99.9%,99.99%,100%
GET,/calculate,34300,0,69,88.99345729418599,8.636696264147758,442.8334180265665,18.0,110.84311060282302,0.0,69,100,130,150,190,240,280,320,380,430,440
GET,/transform,34510,0,360.0,353.54150263608796,62.09657620638609,883.4723364561796,36.0,111.52174189222805,0.0,360,430,470,490,560,610,660,680,810,870,880
,Aggregated,68810,0,170.0,221.67116467318667,8.636696264147758,883.4723364561796,27.027466937945068,222.36485249505105,0.0,170,290,360,400,490,560,630,660,760,870,880
