Type,Name,Request Count,Failure Count,Median Response Time,Average Response Time,Min Response Time,Max Response Time,Average Content Size,Requests/s,Failures/s,50%,66%,75%,80%,90%,95%,98%,99%,99.9%,99.99%,100%
GET,/calculate,45429,0,22,59.813283191858,8.201739750802517,525.2808947116137,18.0,146.85402131875927,0.0,22,38,77,100,170,230,290,330,430,500,530
GET,/transform,45732,0,2700.0,2622.809536387391,140.36367554217577,3062.828777357936,36.0,147.83350069227805,0.0,2700,2700,2700,2800,2800,2800,2900,2900,3000,3000,3100
,Aggregated,91161,0,610.0,1345.5708401640156,8.201739750802517,3062.828777357936,27.029914108006714,294.68752201103734,0.0,610,2600,2700,2700,2800,2800,2800,2900,3000,3000,3100
