Type,Name,Request Count,Failure Count,Median Response Time,Average Response Time,Min Response Time,Max Response Time,Average Content Size,Requests/s,Failures/s,50%,66%,75%,80%,90%,95%,98%,99%,99.9%,99.99%,100%
GET,/createlayer,1951,0,13,31.090415938772157,3.6591868847608566,221.51113487780094,38.0,6.2841325810812405,0.0,13,35,46,53,75,99,120,150,210,220,220
GET,/createproject,1938,0,27,80.6774853313509,9.038126096129417,592.6458109170198,102.0,6.2422598370760864,0.0,27,110,140,150,190,230,280,310,500,590,590
POST,/survey,11277,0,6,6.604535523096757,2.0624231547117233,114.69810735434294,99.0,36.32299493431735,0.0,6,6,7,7,9,11,15,21,58,110,110
,Aggregated,15166,0,6,19.219946931469384,2.0624231547117233,592.6458109170198,91.53613345641567,48.84938735247467,0.0,6,8,10,15,39,110,170,210,320,500,590
