Type,Name,Request Count,Failure Count,Median Response Time,Average Response Time,Min Response Time,Max Response Time,Average Content Size,Requests/s,Failures/s,50%,66%,75%,80%,90%,95%,98%,99%,99.9%,99.99%,100%
GET,/calculate,45557,0,21,53.013274894302086,8.045181632041931,505.7376092299819,18.0,146.7145400261565,0.0,21,32,63,85,150,200,270,310,420,480,510
GET,/transform,45843,0,2700.0,2633.22947627504,124.22996573150158,3116.821873933077,36.0,147.63559186116495,0.0,2700,2700,2800,2800,2800,2800,2900,2900,3000,3100,3100
,Aggregated,91400,0,570.0,1347.15825651245,8.045181632041931,3116.821873933077,27.02816192560175,294.3501318873215,0.0,580,2600,2700,2700,2800,2800,2900,2900,3000,3000,3100
