Type,Name,Request Count,Failure Count,Median Response Time,Average Response Time,Min Response Time,Max Response Time,Average Content Size,Requests/s,Failures/s,50%,66%,75%,80%,90%,95%,98%,99%,99.9%,99.99%,100%
GET,/createlayer,9690,0,12,24.909552466508742,3.5947291180491447,268.65449640899897,38.0,31.314034241206027,0.0,12,19,32,40,63,82,110,140,190,270,270
GET,/createproject,9637,0,24,50.647754524445475,10.191753506660461,348.41197542846203,102.0,31.142760369711297,0.0,24,34,59,84,140,170,200,230,290,350,350
POST,/survey,56395,0,8,11.779603726223213,1.9986983388662338,273.4306138008833,99.0,182.24509401783425,0.0,8,11,13,16,23,33,48,58,160,250,270
,Aggregated,75722,0,10,18.4064964725299,1.9986983388662338,348.41197542846203,91.5757507725628,244.70188862875156,0.0,10,15,19,22,36,62,120,160,240,300,350
