Type,Name,Request Count,Failure Count,Median Response Time,Average Response Time,Min Response Time,Max Response Time,Average Content Size,Requests/s,Failures/s,50%,66%,75%,80%,90%,95%,98%,99%,99.9%,99.99%,100%
GET,/calculate,7388,0,22,56.40619231726315,9.768969379365444,548.1970468536019,18.0,23.813507481627195,0.0,22,26,42,73,170,240,320,370,510,550,550
GET,/transform,7428,0,87,96.30565182644398,62.14401964098215,451.7186637967825,36.0,23.942438220563993,0.0,87,93,100,110,130,160,200,220,330,450,450
,Aggregated,14816,0,76,76.40978203339404,9.768969379365444,548.1970468536019,27.02429805615551,47.75594570219119,0.0,76,87,94,100,140,190,270,330,480,550,550
