Type,Name,Request Count,Failure Count,Median Response Time,Average Response Time,Min Response Time,Max Response Time,Average Content Size,Requests/s,Failures/s,50%,66%,75%,80%,90%,95%,98%,99%,99.9%,99.99%,100%
GET,/,15699,0,270.0,271.125535712871,2.00770515948534,996.6853689402342,8649.0,50.68488236455195,0.0,270,310,330,350,400,440,500,540,870,1000,1000
GET,/basket.html,14833,0,280.0,276.1775162530592,3.2306406646966934,674.1134282201529,23388.0,47.88896490944641,0.0,280,320,340,360,400,450,490,520,590,660,670
POST,/cart,90024,0,330.0,329.2755771456982,13.299548998475075,775.5475817248225,0.0,290.64627364713834,0.0,330,370,400,420,460,510,560,590,650,730,780
GET,/catalogue,15571,0,290.0,288.1608752536904,4.9466704949736595,717.2948541119695,2795.0,50.27162897626846,0.0,290,330,360,370,420,460,520,550,630,720,720
GET,/category.html,15584,0,280.0,278.61712533716224,5.176733247935772,648.3010249212384,11518.0,50.313600023516,0.0,280,320,340,360,400,440,490,530,610,650,650
GET,/login,15684,0,320.0,326.07823885593433,32.16672036796808,748.6143168061972,13.0,50.63645423311248,0.0,320,370,400,420,470,520,580,600,680,750,750
POST,/orders,14709,14709,380.0,376.20179745585773,40.36493040621281,857.9852068796754,227.0,47.488625689546765,47.488625689546765,380,420,450,460,510,560,600,640,710,810,860
,Aggregated,182104,14709,320.0,315.601694897018,2.00770515948534,996.6853689402342,3894.78071321882,587.9304298435804,47.488625689546765,320,360,390,400,460,500,550,590,670,810,1000
