Type,Name,Request Count,Failure Count,Median Response Time,Average Response Time,Min Response Time,Max Response Time,Average Content Size,Requests/s,Failures/s,50%,66%,75%,80%,90%,95%,98%,99%,99.9%,99.99%,100%
GET,/calculate,7219,0,70,95.44127962645801,9.4032883644104,656.8045392632484,18.0,23.343072803767793,0.0,70,110,140,160,210,260,310,360,590,660,660
GET,/transform,7269,0,120.0,142.12330893217114,59.323580004274845,3486.3249892368913,36.0,23.504750825680578,0.0,120,150,160,170,200,220,260,370,3400,3500,3500
,Aggregated,14488,0,110.0,118.86284720122532,9.4032883644104,3486.3249892368913,27.03106018774158,46.84782362944837,0.0,110,130,150,170,200,240,290,360,2400,3400,3500
