Type,Name,Request Count,Failure Count,Median Response Time,Average Response Time,Min Response Time,Max Response Time,Average Content Size,Requests/s,Failures/s,50%,66%,75%,80%,90%,95%,98%,99%,99.9%,99.99%,100%
GET,/createlayer,1911,0,12,26.560981714077517,3.7416797131299973,142.62106735259295,38.0,6.160001902693334,0.0,12,32,41,45,61,78,97,110,140,140,140
GET,/createproject,1896,0,27,69.85472628889991,9.753274731338024,336.968868970871,102.0,6.111650239406886,0.0,27,99,120,130,160,200,230,250,320,340,340
POST,/survey,11344,0,6,6.656513539946156,1.9782213494181633,90.76427668333054,99.0,36.56675122143023,0.0,6,6,7,8,10,13,22,29,57,87,91
,Aggregated,15151,0,6,17.075710296119436,1.9782213494181633,336.968868970871,91.68147317008778,48.83840336353045,0.0,6,8,11,16,35,87,140,170,260,320,340
