Type,Name,Request Count,Failure Count,Median Response Time,Average Response Time,Min Response Time,Max Response Time,Average Content Size,Requests/s,Failures/s,50%,66%,75%,80%,90%,95%,98%,99%,99.9%,99.99%,100%
GET,/calculate,34440,0,80,105.01363756360635,8.616789244115353,550.978060811758,18.0,111.37933695264071,0.0,80,130,160,180,240,280,330,370,450,530,550
GET,/transform,34710,0,310.0,318.6738926900947,61.47522944957018,776.9037075340748,36.0,112.25251990784434,0.0,310,390,430,460,540,590,630,660,750,770,780
,Aggregated,69150,0,170.0,212.2608892691799,8.616789244115353,776.9037075340748,27.0351409978308,223.63185686048504,0.0,170,260,320,360,460,540,600,630,720,770,780
