Type,Name,Request Count,Failure Count,Median Response Time,Average Response Time,Min Response Time,Max Response Time,Average Content Size,Requests/s,Failures/s,50%,66%,75%,80%,90%,95%,98%,99%,99.9%,99.99%,100%
GET,/calculate,45435,0,23,70.81982995484599,7.886495441198349,649.4070757180452,18.0,146.37717527784397,0.0,23,39,86,120,220,290,360,410,540,620,650
GET,/transform,45719,0,2700.0,2633.3960334817475,99.10404775291681,3237.7581922337413,36.0,147.2921333009299,0.0,2700,2700,2800,2800,2900,3000,3000,3100,3100,3200,3200
,Aggregated,91154,0,540.0,1356.0999213281896,7.886495441198349,3237.7581922337413,27.028040459003446,293.6693085787739,0.0,540,2600,2700,2700,2800,2900,3000,3000,3100,3200,3200
