Type,Name,Request Count,Failure Count,Median Response Time,Average Response Time,Min Response Time,Max Response Time,Average Content Size,Requests/s,Failures/s,50%,66%,75%,80%,90%,95%,98%,99%,99.9%,99.99%,100%
GET,/,15630,0,270.0,271.1681132854909,13.931172899901867,809.4963105395436,8649.0,50.502253180146916,0.0,270,300,330,350,400,450,510,540,670,680,810
GET,/basket.html,14763,0,270.0,275.27643219070535,10.516551323235035,671.2696487084031,23388.0,47.700880594914196,0.0,270,310,340,360,400,450,500,530,630,670,670
POST,/cart,90118,0,330.0,330.107747272336,17.805292271077633,1813.1782105192542,0.0,291.1811933517901,0.0,330,370,400,420,470,520,570,600,1300,1700,1800
GET,/catalogue,15496,0,290.0,288.8220505964176,3.626188263297081,734.3053035438061,2795.0,50.06928440688142,0.0,290,330,350,370,420,470,530,560,670,730,730
GET,/category.html,15505,0,280.0,280.53377876499707,3.9915433153510094,691.6265981271863,11518.0,50.09836439911567,0.0,280,320,350,360,410,450,500,530,620,680,690
GET,/login,15620,0,320.0,327.1297676488757,55.14514911919832,1362.1871108189225,13.0,50.46994207766441,0.0,320,360,390,420,480,530,590,620,710,1400,1400
POST,/orders,14661,14661,370.0,375.31103568232777,64.78358153253794,913.0618032068014,227.0,47.3713073495927,47.3713073495927,370,410,440,460,520,560,620,660,770,910,910
,Aggregated,181793,14661,310.0,316.22987875429413,3.626188263297081,1813.1782105192542,3882.932406638319,587.3932253601055,47.3713073495927,310,360,390,400,460,510,560,600,1000,1700,1800
