Type,Name,Request Count,Failure Count,Median Response Time,Average Response Time,Min Response Time,Max Response Time,Average Content Size,Requests/s,Failures/s,50%,66%,75%,80%,90%,95%,98%,99%,99.9%,99.99%,100%
GET,/calculate,7358,0,22,48.54280782937416,9.39832627773285,439.86954633146524,18.0,23.790309576077963,0.0,22,25,31,52,140,200,260,300,400,440,440
GET,/transform,7407,0,85,92.47477570443287,58.90905112028122,278.5341991111636,36.0,23.948739199512023,0.0,85,92,97,100,120,150,180,190,250,280,280
,Aggregated,14765,0,74,70.58168937699081,9.39832627773285,439.86954633146524,27.02986793091771,47.739048775589985,0.0,74,85,91,97,130,170,230,270,380,440,440
