Type,Name,Request Count,Failure Count,Median Response Time,Average Response Time,Min Response Time,Max Response Time,Average Content Size,Requests/s,Failures/s,50%,66%,75%,80%,90%,95%,98%,99%,99.9%,99.99%,100%
GET,/,15404,0,280.0,286.94965562907004,3.2896511256694794,908.3539331331849,8649.0,49.70152699446527,0.0,280,320,340,360,420,470,530,580,820,880,910
GET,/basket.html,14539,0,290.0,296.2926227926841,2.719883807003498,718.4249963611364,23388.0,46.91057523841408,0.0,290,330,360,380,420,470,520,560,660,700,720
POST,/cart,89415,1,350.0,351.1150620468092,15.382095240056515,925.3049939870834,0.00012302186434043504,288.50052169631994,0.0032265338220244916,350,400,420,440,500,540,590,620,710,860,930
GET,/catalogue,15254,0,300.0,305.9965145095384,6.628010421991348,792.5034500658512,2795.0,49.2175469211616,0.0,300,350,370,390,450,500,550,590,670,760,790
GET,/category.html,15267,0,300.0,299.87275064088664,2.470392733812332,715.4007824137807,11518.0,49.259491860847916,0.0,300,340,370,380,430,480,530,560,660,700,720
GET,/login,15393,0,330.0,342.5710666800079,27.93320268392563,813.3364645764232,13.0,49.666035122423004,0.0,330,370,410,430,500,550,600,640,760,800,810
POST,/orders,14428,14428,400.0,403.04455372423814,53.17940190434456,1275.789619423449,227.0,46.552429984169365,46.552429984169365,400,450,480,500,550,590,650,690,1100,1200,1300
,Aggregated,179700,14429,330.0,336.4333643734561,2.470392733812332,1275.789619423449,3868.7971062882584,579.8081278178012,46.555656517991395,330,380,410,430,490,530,590,620,740,1100,1300
