Type,Name,Request Count,Failure Count,Median Response Time,Average Response Time,Min Response Time,Max Response Time,Average Content Size,Requests/s,Failures/s,50%,66%,75%,80%,90%,95%,98%,99%,99.9%,99.99%,100%
GET,/calculate,45160,0,17,22.834560267488655,8.34963284432888,288.02859131246805,18.0,146.09528423591695,0.0,17,19,21,22,31,64,100,130,200,260,290
GET,/transform,45453,0,2700.0,2686.30920859509,79.28537484258413,3064.957014285028,36.0,147.04315665135368,0.0,2700,2800,2800,2800,2900,2900,2900,3000,3000,3100,3100
,Aggregated,90613,0,520.0,1358.8780991684819,8.34963284432888,3064.957014285028,27.029101784512157,293.13844088727063,0.0,520,2700,2700,2800,2800,2900,2900,2900,3000,3000,3100
