Type,Name,Request Count,Failure Count,Median Response Time,Average Response Time,Min Response Time,Max Response Time,Average Content Size,Requests/s,Failures/s,50%,66%,75%,80%,90%,95%,98%,99%,99.9%,99.99%,100%
GET,/createlayer,9747,0,12,25.42703026872978,3.6012185737490654,239.3317250534892,38.0,31.390892272452962,0.0,12,19,31,40,63,81,120,160,230,240,240
GET,/createproject,9690,0,24,51.33991626882301,9.482631459832191,424.61034934967756,102.0,31.207319803023413,0.0,24,35,60,87,140,170,210,240,330,420,420
POST,/survey,56692,0,8,11.716314316877371,1.9348245114088058,200.6665114313364,99.0,182.58053398070209,0.0,8,11,14,16,23,32,50,67,110,170,200
,Aggregated,76129,0,10,18.515182702079574,1.9348245114088058,424.61034934967756,91.57185829316029,245.17874605617848,0.0,10,15,19,21,36,66,120,160,260,340,420
