Type,Name,Request Count,Failure Count,Median Response Time,Average Response Time,Min Response Time,Max Response Time,Average Content Size,Requests/s,Failures/s,50%,66%,75%,80%,90%,95%,98%,99%,99.9%,99.99%,100%
GET,/createlayer,9707,0,17,32.32857655020772,3.558496944606304,324.3135763332248,38.0,31.374923508512573,0.0,17,35,48,55,75,95,120,140,290,320,320
GET,/createproject,9642,0,39,72.17796941777914,9.024678729474545,423.9727919921279,102.0,31.164830789026293,0.0,39,86,120,130,170,200,230,260,370,420,420
POST,/survey,56290,0,7,11.17753063425022,1.8493523821234703,286.2513940781355,99.0,181.94029507511823,0.0,7,10,13,15,22,29,42,65,170,260,290
,Aggregated,75639,0,9,21.667878648594478,1.8493523821234703,423.9727919921279,91.55409246552705,244.4800493726571,0.0,9,15,20,23,50,95,150,190,290,380,420
