Type,Name,Request Count,Failure Count,Median Response Time,Average Response Time,Min Response Time,Max Response Time,Average Content Size,Requests/s,Failures/s,50%,66%,75%,80%,90%,95%,98%,99%,99.9%,99.99%,100%
GET,/createlayer,1944,0,11,25.3825714622927,3.757169470191002,187.75703478604555,38.0,6.28191916936497,0.0,11,31,39,43,57,71,94,110,150,190,190
GET,/createproject,1932,0,24,66.1822221493522,10.391077026724815,297.812944278121,102.0,6.24314189054173,0.0,24,90,120,130,160,180,200,220,290,300,300
POST,/survey,11292,0,6,6.963174565396002,2.175762318074703,171.10414896160364,99.0,36.48941937266937,0.0,6,7,7,8,9,11,18,24,79,170,170
,Aggregated,15168,0,7,16.866820893176232,2.175762318074703,297.812944278121,91.56408227848101,49.014480432576065,0.0,7,8,10,15,34,81,140,170,230,290,300
