Type,Name,Request Count,Failure Count,Median Response Time,Average Response Time,Min Response Time,Max Response Time,Average Content Size,Requests/s,Failures/s,50%,66%,75%,80%,90%,95%,98%,99%,99.9%,99.99%,100%
GET,/calculate,7352,0,22,48.49747801262893,8.946405723690987,416.97495989501476,18.0,23.776223344570226,0.0,22,25,32,62,140,200,250,280,380,420,420
GET,/transform,7405,0,87,93.47092477035011,60.64519938081503,401.97512600570917,36.0,23.947624301760406,0.0,87,93,98,100,120,150,170,190,270,400,400
,Aggregated,14757,0,76,71.06496281583591,8.946405723690987,416.97495989501476,27.032323643016873,47.72384764633063,0.0,76,86,93,98,130,160,220,260,350,400,420
