Type,Name,Request Count,Failure Count,Median Response Time,Average Response Time,Min Response Time,Max Response Time,Average Content Size,Requests/s,Failures/s,50%,66%,75%,80%,90%,95%,98%,99%,99.9%,99.99%,100%
GET,/calculate,7310,0,25,66.84617413355677,8.68283398449421,466.82493947446346,18.0,23.63759413781331,0.0,25,56,88,110,180,230,300,350,450,470,470
GET,/transform,7359,0,90,101.13920979247354,60.59054099023342,351.11940186470747,36.0,23.796040391267873,0.0,90,100,110,120,150,170,200,220,290,350,350
,Aggregated,14669,0,80,84.04996780824274,8.68283398449421,466.82493947446346,27.030063399004703,47.43363452908118,0.0,80,93,110,120,160,200,250,310,420,470,470
