Type,Name,Request Count,Failure Count,Median Response Time,Average Response Time,Min Response Time,Max Response Time,Average Content Size,Requests/s,Failures/s,50%,66%,75%,80%,90%,95%,98%,99%,99.9%,99.99%,100%
GET,/calculate,35433,0,31,53.6967858866276,8.263176307082176,454.9710378050804,18.0,114.55872303177894,0.0,31,48,63,74,130,190,250,290,400,430,450
GET,/transform,35671,0,220.0,243.64663768522203,61.71877961605787,955.1628781482577,36.0,115.3282027845959,0.0,220,280,320,340,420,480,550,580,930,950,960
,Aggregated,71104,0,110.0,148.98961278114353,8.263176307082176,955.1628781482577,27.03012488748875,229.88692581637486,0.0,110,180,230,260,350,420,500,550,710,950,960
