Type,Name,Request Count,Failure Count,Median Response Time,Average Response Time,Min Response Time,Max Response Time,Average Content Size,Requests/s,Failures/s,50%,66%,75%,80%,90%,95%,98%,99%,99.9%,99.99%,100%
GET,/,15654,0,260.0,265.68613400346305,1.894105225801468,1215.782373212278,8649.0,50.53940734834246,0.0,260,300,330,340,390,440,500,540,790,860,1200
GET,/basket.html,14803,0,270.0,271.0150092544371,2.271365374326706,799.1439299657941,23388.0,47.79192838747371,0.0,270,310,340,350,390,440,490,520,620,800,800
POST,/cart,90587,0,320.0,321.5644496442367,10.699260048568249,795.5813333392143,0.0,292.462839751137,0.0,320,360,390,410,460,500,540,580,700,790,800
GET,/catalogue,15518,0,290.0,284.8444873501177,4.188483580946922,791.3128733634949,2795.0,50.10032727939046,0.0,290,330,350,370,420,470,520,550,620,750,790
GET,/category.html,15548,0,280.0,277.7741685228033,3.2675564289093018,789.9254579097033,11518.0,50.1971831769534,0.0,280,320,350,360,410,450,510,540,660,790,790
GET,/login,15626,0,310.0,323.0687448535337,30.2880285307765,836.6595758125186,13.0,50.44900851061705,0.0,310,360,390,410,470,520,570,600,720,840,840
POST,/orders,14681,14681,370.0,367.55573877666495,57.99283366650343,841.2506459280849,227.0,47.39804773738442,47.39804773738442,370,410,440,450,500,550,590,620,730,840,840
,Aggregated,182417,14681,310.0,309.64138352543523,1.894105225801468,1215.782373212278,3878.993783474128,588.9387421912985,47.39804773738442,310,350,380,400,450,500,540,580,700,830,1200
