Type,Name,Request Count,Failure Count,Median Response Time,Average Response Time,Min Response Time,Max Response Time,Average Content Size,Requests/s,Failures/s,50%,66%,75%,80%,90%,95%,98%,99%,99.9%,99.99%,100%
GET,/,9593,0,6,13.517912892189996,1.7681196331977844,262.2365839779377,8649.0,30.89517453745397,0.0,6,8,10,12,20,63,120,170,250,260,260
GET,/basket.html,9153,0,6,8.060731583290265,1.8703164532780647,114.03151042759418,23388.0,29.478112430034003,0.0,6,8,10,11,15,20,28,35,78,110,110
POST,/cart,56007,0,20,24.5998326671312,9.559204801917076,313.0861958488822,0.0,180.37590329606843,0.0,20,24,27,29,37,51,75,90,200,280,310
GET,/catalogue,9519,0,8,13.188700175631139,3.2095862552523613,283.1537676975131,2795.0,30.65685045575152,0.0,8,11,13,15,23,37,59,120,200,280,280
GET,/category.html,9521,0,6,11.51930295062402,1.7738481983542442,336.5151137113571,11518.0,30.663291647148885,0.0,6,9,11,13,20,32,55,110,290,340,340
GET,/login,9593,0,56,62.6997328390057,6.50674756616354,399.059453047812,13.0,30.89517453745397,0.0,56,59,62,63,73,110,160,260,350,400,400
POST,/orders,9093,9093,65,64.57446448289429,13.343637809157372,282.0407822728157,227.0,29.284876688113098,29.284876688113098,65,68,71,73,80,90,110,120,210,280,280
,Aggregated,112479,9093,18,26.716922321294774,1.7681196331977844,399.059453047812,3871.8118404324364,362.2493835920239,29.284876688113098,18,24,32,43,62,70,89,120,270,350,400
