Type,Name,Request Count,Failure Count,Median Response Time,Average Response Time,Min Response Time,Max Response Time,Average Content Size,Requests/s,Failures/s,50%,66%,75%,80%,90%,95%,98%,99%,99.9%,99.99%,100%
GET,/calculate,7331,0,22,52.849223988686866,9.534437209367752,410.03238409757614,18.0,23.70898756589529,0.0,22,26,32,51,170,230,300,330,390,410,410
GET,/transform,7388,0,86,94.54405383669791,60.81409193575382,372.08298314362764,36.0,23.893329714477478,0.0,86,93,99,100,130,160,180,200,290,370,370
,Aggregated,14719,0,75,73.77737147948825,9.534437209367752,410.03238409757614,27.034852911203206,47.602317280372766,0.0,75,86,92,99,140,190,260,300,380,400,410
