Type,Name,Request Count,Failure Count,Median Response Time,Average Response Time,Min Response Time,Max Response Time,Average Content Size,Requests/s,Failures/s,50%,66%,75%,80%,90%,95%,98%,99%,99.9%,99.99%,100%
GET,/createlayer,1937,0,10,21.680712058494002,4.4827451929450035,177.26409900933504,38.0,6.260761709090487,0.0,10,16,32,37,51,67,85,96,150,180,180
GET,/createproject,1927,0,22,46.560005268896866,10.041594505310059,256.44742604345083,102.0,6.228439759120996,0.0,22,26,47,75,130,160,190,200,240,260,260
POST,/survey,11289,0,6,7.373525816259186,2.203024923801422,82.58963841944933,99.0,36.48824932055886,0.0,6,7,8,8,10,13,20,27,47,76,83
,Aggregated,15153,0,7,14.1857323533437,2.203024923801422,256.44742604345083,91.58391077674388,48.97745078877034,0.0,7,9,11,15,23,45,110,140,200,240,260
