Type,Name,Request Count,Failure Count,Median Response Time,Average Response Time,Min Response Time,Max Response Time,Average Content Size,Requests/s,Failures/s,50%,66%,75%,80%,90%,95%,98%,99%,99.9%,99.99%,100%
GET,/calculate,35268,0,33,44.27459549925777,7.615840062499046,278.8406787440181,18.0,114.01334610096191,0.0,33,48,59,67,90,110,140,160,220,260,280
GET,/transform,35506,0,250.0,277.3667656605023,58.89498069882393,781.1636542901397,36.0,114.78274545369042,0.0,250,330,380,410,500,560,630,660,750,770,780
,Aggregated,70774,0,96,161.21260371901573,7.615840062499046,781.1636542901397,27.03026535168282,228.79609155465235,0.0,96,180,250,300,410,500,580,630,740,770,780
