Type,Name,Request Count,Failure Count,Median Response Time,Average Response Time,Min Response Time,Max Response Time,Average Content Size,Requests/s,Failures/s,50%,66%,75%,80%,90%,95%,98%,99%,99.9%,99.99%,100%
GET,/createlayer,1931,0,11,25.620054307474273,3.7865405902266502,138.16090393811464,38.0,6.243311052769074,0.0,11,31,39,44,57,71,98,110,130,140,140
GET,/createproject,1915,0,25,63.17098564504799,10.093463584780693,273.096876218915,102.0,6.191579837417285,0.0,25,78,110,120,150,170,200,220,270,270,270
POST,/survey,11247,0,6,6.932533680654037,2.0205555483698845,92.37601608037949,99.0,36.363811191348404,0.0,6,7,7,8,9,12,20,28,48,90,92
,Aggregated,15093,0,7,16.458952407362066,2.0205555483698845,273.096876218915,91.57629364606109,48.79870208153476,0.0,7,8,10,15,34,74,130,160,220,270,270
