Type,Name,Request Count,Failure Count,Median Response Time,Average Response Time,Min Response Time,Max Response Time,Average Content Size,Requests/s,Failures/s,50%,66%,75%,80%,90%,95%,98%,99%,99.9%,99.99%,100%
GET,/calculate,34356,0,81,100.44562418701487,8.53451807051897,533.8866012170911,18.0,110.93178523662415,0.0,81,120,150,170,220,260,300,330,420,500,530
GET,/transform,34576,0,340.0,335.3126957703199,58.50165989249945,1065.1070829480886,36.0,111.64214129530554,0.0,340,400,440,470,530,580,640,690,800,1000,1100
,Aggregated,68932,0,180.0,218.25395510827576,8.53451807051897,1065.1070829480886,27.028723959844484,222.5739265319297,0.0,180,280,340,380,470,530,590,640,780,960,1100
