Type,Name,Request Count,Failure Count,Median Response Time,Average Response Time,Min Response Time,Max Response Time,Average Content Size,Requests/s,Failures/s,50%,66%,75%,80%,90%,95%,98%,99%,99.9%,99.99%,100%
GET,/calculate,45668,0,44,92.88283319194876,8.389207534492016,832.462266087532,18.0,147.52421677391015,0.0,44,110,150,170,240,280,340,400,600,710,830
GET,/transform,45979,0,2600.0,2556.23900078377,202.35643908381462,3062.597709707916,36.0,148.52885966207444,0.0,2600,2600,2700,2700,2700,2800,2900,2900,3000,3100,3100
,Aggregated,91647,0,590.0,1328.7405615377156,8.389207534492016,3062.597709707916,27.03054109790828,296.0530764359846,0.0,590,2600,2600,2600,2700,2700,2800,2900,3000,3000,3100
