Type,Name,Request Count,Failure Count,Median Response Time,Average Response Time,Min Response Time,Max Response Time,Average Content Size,Requests/s,Failures/s,50%,66%,75%,80%,90%,95%,98%,99%,99.9%,99.99%,100%
GET,/createlayer,1918,0,10,21.004670339406346,3.661312162876129,136.34765706956387,38.0,6.201336541366118,0.0,10,13,25,33,54,70,96,110,140,140,140
GET,/createproject,1906,0,21,48.26544643089503,8.52037500590086,308.24375804513693,102.0,6.162537772598447,0.0,21,24,51,92,140,160,200,240,300,310,310
POST,/survey,11292,0,6,6.939684868989143,2.267538569867611,78.04847694933414,99.0,36.50964141037863,0.0,6,7,7,8,10,12,18,23,49,78,78
,Aggregated,15116,0,7,13.935156135809255,2.267538569867611,308.24375804513693,91.63826409102937,48.87351572434319,0.0,7,8,10,13,21,46,120,150,240,300,310
