Type,Name,Request Count,Failure Count,Median Response Time,Average Response Time,Min Response Time,Max Response Time,Average Content Size,Requests/s,Failures/s,50%,66%,75%,80%,90%,95%,98%,99%,99.9%,99.99%,100%
GET,/,9566,0,5,11.578922860165495,1.60174909979105,194.07295994460583,8649.0,30.933927201562575,0.0,5,7,8,9,16,65,110,130,170,190,190
GET,/basket.html,9123,0,5,6.495949894105716,1.6911504790186882,83.64271093159914,23388.0,29.50138175411409,0.0,5,6,8,8,12,16,24,31,58,84,84
POST,/cart,55801,0,18,21.697382058764887,9.372467175126076,274.6958890929818,0.0,180.44575285118054,0.0,18,21,23,25,32,43,67,86,180,270,270
GET,/catalogue,9495,0,7,11.739969162516621,3.1189443543553352,252.04386096447706,2795.0,30.704331881542615,0.0,7,9,11,12,19,32,63,110,230,250,250
GET,/category.html,9495,0,5,10.076352201005921,1.6761776059865952,234.88807026296854,11518.0,30.704331881542615,0.0,5,7,9,10,16,29,69,110,220,230,230
GET,/login,9565,0,55,59.34767612882671,7.011661306023598,336.5545645356178,13.0,30.930693464660884,0.0,55,57,59,61,68,98,140,180,280,340,340
POST,/orders,9066,9066,63,61.35807467991075,11.866024695336819,281.44372440874577,227.0,29.31705875071778,29.31705875071778,63,65,67,69,75,83,98,120,210,280,280
,Aggregated,112111,9066,16,24.18889263134174,1.60174909979105,336.5545645356178,3872.852084095227,362.53747778532113,29.31705875071778,16,21,27,37,59,67,84,110,220,280,340
