Type,Name,Request Count,Failure Count,Median Response Time,Average Response Time,Min Response Time,Max Response Time,Average Content Size,Requests/s,Failures/s,50%,66%,75%,80%,90%,95%,98%,99%,99.9%,99.99%,100%
GET,/,9582,0,6,12.545223186013004,1.6602352261543274,168.73548831790686,8649.0,30.962416346520225,0.0,6,8,10,11,19,68,110,130,160,170,170
GET,/basket.html,9152,0,6,7.932471242994624,1.8434403464198112,124.72054734826088,23388.0,29.572952870314452,0.0,6,8,9,10,15,21,30,41,99,120,120
POST,/cart,56042,0,20,24.373455648086967,9.462357498705387,193.14162153750658,0.0,181.0890979849391,0.0,20,23,26,28,38,53,82,99,140,180,190
GET,/catalogue,9525,0,8,13.404988966236903,3.138471394777298,173.3953384682536,2795.0,30.778231653162713,0.0,8,10,13,14,24,47,82,97,160,170,170
GET,/category.html,9525,0,6,11.263033469596246,1.6899872571229935,140.9774050116539,11518.0,30.778231653162713,0.0,6,9,11,12,22,41,74,100,130,140,140
GET,/login,9577,0,56,60.40112722168729,6.945994682610035,223.59278984367847,13.0,30.94625979447132,0.0,56,59,61,63,72,100,140,160,220,220,220
POST,/orders,9082,9082,64,64.00902176317278,13.250735588371754,316.6238171979785,227.0,29.34676114162979,29.34676114162979,64,68,70,72,79,90,110,130,220,320,320
,Aggregated,112485,9082,18,26.25681603387917,1.6602352261543274,316.6238171979785,3871.0862248299773,363.47395144420034,29.34676114162979,18,24,32,46,62,71,94,110,170,220,320
