Type,Name,Request Count,Failure Count,Median Response Time,Average Response Time,Min Response Time,Max Response Time,Average Content Size,Requests/s,Failures/s,50%,66%,75%,80%,90%,95%,98%,99%,99.9%,99.99%,100%
GET,/calculate,7324,0,22,48.48689987827225,9.226161986589432,517.8619278594851,18.0,23.68694494185109,0.0,22,25,31,55,130,200,270,320,450,520,520
GET,/transform,7368,0,85,91.31206278969816,59.68677531927824,292.00763814151287,36.0,23.82924772413419,0.0,85,91,96,100,120,140,170,190,260,290,290
,Aggregated,14692,0,73,69.96360831356942,9.226161986589432,517.8619278594851,27.026953444051184,47.51619266598528,0.0,73,84,90,95,120,160,220,270,420,510,520
