Type,Name,Request Count,Failure Count,Median Response Time,Average Response Time,Min Response Time,Max Response Time,Average Content Size,Requests/s,Failures/s,50%,66%,75%,80%,90%,95%,98%,99%,99.9%,99.99%,100%
GET,/calculate,45829,0,22,61.14192177985197,8.206194266676903,478.5355478525162,18.0,147.63771733096254,0.0,22,36,76,110,190,240,280,310,420,470,480
GET,/transform,46126,0,2600.0,2585.259687391707,87.41392660886049,3009.0649873018265,36.0,148.5945001987383,0.0,2600,2700,2700,2700,2800,2800,2900,2900,3000,3000,3000
,Aggregated,91955,0,690.0,1327.277053709699,8.206194266676903,3009.0649873018265,27.029068566146485,296.23221752970085,0.0,690,2600,2600,2700,2700,2800,2800,2900,2900,3000,3000
