Type,Name,Request Count,Failure Count,Median Response Time,Average Response Time,Min Response Time,Max Response Time,Average Content Size,Requests/s,Failures/s,50%,66%,75%,80%,90%,95%,98%,99%,99.9%,99.99%,100%
GET,/createlayer,19390,0,12,32.76323209506617,3.2804040238261223,686.135402880609,38.0,62.60546302613361,0.0,12,22,36,45,75,120,190,270,630,680,690
GET,/createproject,19256,0,24,56.31393464860604,8.754325099289417,517.9005479440093,102.0,62.17281052249762,0.0,24,38,69,100,160,190,230,270,450,510,520
POST,/survey,112570,0,8,14.924653427637475,1.8189102411270142,469.0517261624336,99.0,363.46039055450547,0.0,8,11,15,18,29,49,85,130,300,440,470
,Aggregated,151216,0,10,22.482597293051274,1.8189102411270142,686.135402880609,91.56016559094276,488.23866410313667,0.0,10,16,20,24,48,91,160,200,410,650,690
