Type,Name,Request Count,Failure Count,Median Response Time,Average Response Time,Min Response Time,Max Response Time,Average Content Size,Requests/s,Failures/s,50%,66%,75%,80%,90%,95%,98%,99%,99.9%,99.99%,100%
GET,/calculate,36046,0,27,62.97783855578672,8.30161664634943,530.9160938486457,18.0,116.2104160096399,0.0,27,47,73,95,180,240,300,340,460,510,530
GET,/transform,36240,0,160.0,183.78192469049512,62.599935568869114,840.9615512937307,36.0,116.83586184845336,0.0,160,200,220,240,310,370,440,510,730,830,840
,Aggregated,72286,0,100.0,123.54198765134925,8.30161664634943,840.9615512937307,27.024154054727056,233.04627785809328,0.0,100,150,180,200,260,320,400,450,690,820,840
