Type,Name,Request Count,Failure Count,Median Response Time,Average Response Time,Min Response Time,Max Response Time,Average Content Size,Requests/s,Failures/s,50%,66%,75%,80%,90%,95%,98%,99%,99.9%,99.99%,100%
GET,/,9561,0,6,12.69048243104919,1.6628317534923553,203.50567437708378,8649.0,30.907310640067216,0.0,6,8,10,12,20,68,110,130,170,200,200
GET,/basket.html,9135,0,6,7.954105483311966,1.826450228691101,131.0060229152441,23388.0,29.530204235646274,0.0,6,7,9,10,15,22,30,38,80,130,130
POST,/cart,55845,0,20,24.88193680706634,9.995922446250916,222.74251095950603,0.0,180.527012100675,0.0,20,24,27,29,39,54,80,100,180,220,220
GET,/catalogue,9513,0,8,12.983546139311931,3.1075142323970795,191.75066146999598,2795.0,30.75214372125922,0.0,8,10,13,15,25,44,68,88,140,190,190
GET,/category.html,9515,0,6,11.479632558102397,1.7089704051613808,298.9108366891742,11518.0,30.758609009542887,0.0,6,8,11,13,22,37,71,92,260,300,300
GET,/login,9559,0,56,61.0782010637622,6.865665316581726,315.34374225884676,13.0,30.90084535178355,0.0,56,59,61,63,72,100,160,180,300,320,320
POST,/orders,9061,9061,64,63.77192176635883,13.870947994291782,291.5180930867791,227.0,29.290988569150617,29.290988569150617,64,67,70,72,79,89,110,130,210,290,290
,Aggregated,112189,9061,18,26.54405781681836,1.6628317534923553,315.34374225884676,3874.766581393898,362.66711362812475,29.290988569150617,18,24,32,46,61,70,92,120,200,300,320
