accuracy,failures
0.9000139999999999,1
0.9000283999999998,1
0.8800496,2
1.0,0
1.0,0
0.9000739999999999,1
0.9000644,1
0.8000615999999998,2
1.0,0
0.8000615999999998,2
0.6002239999999999,4
0.9000788,1
0.9000836,1
1.0,0
0.7801283999999999,3
0.7001259999999999,3
1.0,0
1.0,0
0.7800180000000002,3
1.0,0
0.9000476,1
1.0,0
0.7000324,3
0.9000523999999999,1
0.9000019999999999,1
1.0,0
0.8001191999999999,2
0.8001311999999998,2
0.7002027999999998,3
1.0,0
