accuracy,failures
0.9522582417582417,1
0.9021428571428571,2
0.9006923076923077,2
1.0,0
0.8945,3
0.9021758241758242,2
1.0,0
1.0,0
0.8412527472527471,4
0.9024065934065933,2
0.8520934065934063,3
0.9018791208791208,2
0.901054945054945,2
0.8006263736263736,4
0.9514670329670329,1
0.9512032967032967,1
0.941945054945055,2
1.0,0
1.0,0
0.8086043956043955,4
0.9517307692307693,1
0.901945054945055,2
1.0,0
1.0,0
0.952587912087912,1
0.8027692307692307,4
0.9503791208791209,1
1.0,0
0.950543956043956,1
1.0,0
