accuracy,failures
1.0,0
0.9794615384615385,1
0.8003076923076923,2
1.0,0
0.8995934065934066,1
0.9003186813186813,1
1.0,0
1.0,0
0.9794615384615385,1
0.8028131868131867,2
1.0,0
1.0,0
0.9000549450549451,1
0.9024945054945055,1
0.9011758241758241,1
1.0,0
0.9008461538461539,1
1.0,0
1.0,0
1.0,0
0.7995164835164834,2
1.0,0
0.9017692307692308,1
0.9015714285714286,1
0.9003846153846153,1
1.0,0
1.0,0
1.0,0
1.0,0
1.0,0
