Type,Name,Request Count,Failure Count,Median Response Time,Average Response Time,Min Response Time,Max Response Time,Average Content Size,Requests/s,Failures/s,50%,66%,75%,80%,90%,95%,98%,99%,99.9%,99.99%,100%
GET,/createlayer,717,717,130000.0,129748.48635211277,106285.51967907697,131075.23373700678,0.0,2.6497877023181866,2.6497877023181866,130000,130000,130000,130000,131000,131000,131000,131000,131000,131000,131000
,Aggregated,717,717,130000.0,129748.48635211277,106285.51967907697,131075.23373700678,0.0,2.6497877023181866,2.6497877023181866,130000,130000,130000,130000,131000,131000,131000,131000,131000,131000,131000
