Type,Name,Request Count,Failure Count,Median Response Time,Average Response Time,Min Response Time,Max Response Time,Average Content Size,Requests/s,Failures/s,50%,66%,75%,80%,90%,95%,98%,99%,99.9%,99.99%,100%
GET,/,15195,0,300.0,306.8491098867848,2.322523854672909,1159.6316043287516,8649.0,49.02169402808937,0.0,300,340,370,400,460,520,590,650,980,1000,1200
GET,/basket.html,14338,0,310.0,316.896942695456,2.186814323067665,747.2874037921429,23388.0,46.25686403255975,0.0,310,360,390,410,460,510,570,600,660,740,750
POST,/cart,87938,0,380.0,374.8286433566375,15.403974801301956,801.2816840782762,0.0,283.7031740337034,0.0,380,430,460,480,540,580,630,650,720,790,800
GET,/catalogue,15072,0,320.0,327.0869092183952,7.607596926391125,767.8051069378853,2795.0,48.62487478719072,0.0,320,370,400,420,480,540,600,630,680,750,770
GET,/category.html,15073,0,320.0,321.51665862840974,3.64119466394186,739.2622921615839,11518.0,48.62810095988095,0.0,320,370,400,420,470,520,580,610,680,740,740
GET,/login,15183,0,340.0,363.08607365531196,19.259275868535042,800.8527420461178,13.0,48.98297995580658,0.0,340,400,450,480,550,600,650,680,790,800,800
POST,/orders,14198,14198,420.0,424.79911030388627,48.09627775102854,814.998191781342,227.0,45.80519985592714,45.80519985592714,420,480,510,530,590,630,670,690,770,810,810
,Aggregated,176997,14198,350.0,358.6955142982196,2.186814323067665,1159.6316043287516,3875.297762108962,571.0228876531579,45.80519985592714,350,410,440,470,530,580,630,650,760,980,1200
