Type,Name,Request Count,Failure Count,Median Response Time,Average Response Time,Min Response Time,Max Response Time,Average Content Size,Requests/s,Failures/s,50%,66%,75%,80%,90%,95%,98%,99%,99.9%,99.99%,100%
GET,/calculate,45123,0,45,89.14061083436465,8.007350377738476,623.0452405288815,18.0,145.8734282353673,0.0,45,100,140,160,230,280,330,360,450,600,620
GET,/transform,45415,0,2700.0,2631.463641166528,76.10930129885674,3139.5506812259555,36.0,146.81740450123453,0.0,2700,2700,2800,2800,2800,2900,3000,3000,3100,3100,3100
,Aggregated,90538,0,570.0,1364.4018317861694,8.007350377738476,3139.5506812259555,27.029026486116326,292.6908327366018,0.0,570,2600,2700,2700,2800,2800,2900,3000,3100,3100,3100
