Type,Name,Request Count,Failure Count,Median Response Time,Average Response Time,Min Response Time,Max Response Time,Average Content Size,Requests/s,Failures/s,50%,66%,75%,80%,90%,95%,98%,99%,99.9%,99.99%,100%
GET,/calculate,35321,0,51,86.0994842757435,8.521828800439835,508.48586671054363,18.0,114.1530185560696,0.0,51,89,120,150,220,270,320,350,440,510,510
GET,/transform,35574,0,200.0,225.81597043158078,59.301573783159256,795.6920871511102,36.0,114.97068265659578,0.0,200,250,280,310,390,470,550,600,750,790,800
,Aggregated,70895,0,130.0,156.2070275229084,8.521828800439835,795.6920871511102,27.03211792086889,229.1237012126654,0.0,130,190,230,250,320,400,490,550,720,780,800
