Type,Name,Request Count,Failure Count,Median Response Time,Average Response Time,Min Response Time,Max Response Time,Average Content Size,Requests/s,Failures/s,50%,66%,75%,80%,90%,95%,98%,99%,99.9%,99.99%,100%
GET,/createlayer,9699,0,11,18.7993505417514,3.937067463994026,263.80189415067434,38.0,31.349675583945697,0.0,11,14,17,19,30,71,110,150,220,260,260
GET,/createproject,9638,0,23,27.074563787203775,10.577380657196045,231.54517728835344,102.0,31.152507812977483,0.0,23,26,28,31,39,54,72,95,210,230,230
POST,/survey,56379,0,9,12.892262356472378,2.211672253906727,173.16752299666405,99.0,182.23150425273477,0.0,9,12,15,18,25,33,46,62,120,170,170
,Aggregated,75716,0,11,15.454229041167956,2.211672253906727,263.80189415067434,91.56795129166886,244.73368764965792,0.0,11,16,19,21,28,37,60,84,160,220,260
