Type,Name,Request Count,Failure Count,Median Response Time,Average Response Time,Min Response Time,Max Response Time,Average Content Size,Requests/s,Failures/s,50%,66%,75%,80%,90%,95%,98%,99%,99.9%,99.99%,100%
GET,/calculate,45385,0,56,96.05674119695973,8.35704430937767,598.9955244585872,18.0,146.58454234495238,0.0,56,110,150,180,240,300,350,390,510,590,600
GET,/transform,45677,0,2600.0,2585.0219695172095,96.55715152621269,3093.033891171217,36.0,147.52764439110697,0.0,2600,2700,2700,2700,2800,2800,2900,2900,3000,3100,3100
,Aggregated,91062,0,650.0,1344.52992138171,8.35704430937767,3093.033891171217,27.028859458390986,294.11218673605936,0.0,650,2600,2600,2700,2700,2800,2800,2900,2900,3000,3100
