Type,Name,Request Count,Failure Count,Median Response Time,Average Response Time,Min Response Time,Max Response Time,Average Content Size,Requests/s,Failures/s,50%,66%,75%,80%,90%,95%,98%,99%,99.9%,99.99%,100%
GET,/calculate,7379,0,22,56.07907462997385,9.16461180895567,559.4351934269071,18.0,23.777605516853715,0.0,22,26,38,71,170,240,300,340,510,560,560
GET,/transform,7423,0,87,95.5685903274941,59.93880704045296,363.4227067232132,36.0,23.919388230330007,0.0,87,93,99,110,130,160,190,210,300,360,360
,Aggregated,14802,0,77,75.88252517873029,9.16461180895567,559.4351934269071,27.02675314146737,47.696993747183726,0.0,77,87,94,100,140,190,260,300,480,540,560
