Type,Name,Request Count,Failure Count,Median Response Time,Average Response Time,Min Response Time,Max Response Time,Average Content Size,Requests/s,Failures/s,50%,66%,75%,80%,90%,95%,98%,99%,99.9%,99.99%,100%
GET,/createlayer,1952,0,10,11.966605226558892,4.667672328650951,109.28408801555634,38.0,6.318266219423188,0.0,10,11,11,12,15,26,36,59,110,110,110
GET,/createproject,1934,0,21,22.131713956205374,10.653570294380188,62.096962705254555,102.0,6.260003518629326,0.0,21,22,23,24,26,30,36,40,53,62,62
POST,/survey,11346,0,7,8.388499887921173,2.405710518360138,68.21402721107006,99.0,36.724922400397276,0.0,7,8,9,10,12,16,23,27,42,52,68
,Aggregated,15232,0,8,10.592008135628793,2.405710518360138,109.28408801555634,91.56368172268908,49.30319213844979,0.0,8,10,11,13,21,23,29,34,62,110,110
