Type,Name,Request Count,Failure Count,Median Response Time,Average Response Time,Min Response Time,Max Response Time,Average Content Size,Requests/s,Failures/s,50%,66%,75%,80%,90%,95%,98%,99%,99.9%,99.99%,100%
GET,/,9643,0,5,11.806432824834129,1.7114905640482903,198.39304592460394,8649.0,31.19637698830986,0.0,5,7,8,9,15,72,110,130,180,200,200
GET,/basket.html,9204,0,5,6.56155136054457,1.8346067517995834,120.30714750289917,23388.0,29.77615408072218,0.0,5,6,8,9,12,15,22,28,89,120,120
POST,/cart,55773,0,18,21.78319223485813,9.623230434954166,207.37272687256336,0.0,180.43301190179466,0.0,18,21,23,25,31,42,67,89,170,200,210
GET,/catalogue,9576,0,7,11.807626112614765,3.1309202313423157,202.2785935550928,2795.0,30.979623150477572,0.0,7,9,11,12,19,34,73,100,180,200,200
GET,/category.html,9577,0,5,9.702491299172895,1.8279915675520897,245.30259054154158,11518.0,30.982858282385518,0.0,5,7,9,10,16,29,68,94,200,250,250
GET,/login,9641,0,55,60.156164675782534,7.432690821588039,286.3087188452482,13.0,31.189906724493973,0.0,55,58,60,61,68,100,150,180,280,290,290
POST,/orders,9143,9143,63,61.68782363934918,13.22061661630869,290.8318992704153,227.0,29.57881103433756,29.57881103433756,63,66,68,69,75,82,99,120,210,290,290
,Aggregated,112557,9143,17,24.335437804556243,1.7114905640482903,290.8318992704153,3890.8202866103397,364.13674216252133,29.57881103433756,17,21,27,37,60,67,86,110,190,280,290
