Type,Name,Request Count,Failure Count,Median Response Time,Average Response Time,Min Response Time,Max Response Time,Average Content Size,Requests/s,Failures/s,50%,66%,75%,80%,90%,95%,98%,99%,99.9%,99.99%,100%
GET,/createlayer,5200,0,19,10869.446258911003,3.531807102262974,117320.38847822696,38.0,16.767961877925462,0.0,19,39,51,62,140,112000,115000,116000,117000,117000,117000
GET,/createproject,5137,0,46,3116.167185938681,9.783612564206123,34825.68620424718,102.0,16.564811570558287,0.0,46,120,150,170,370,33000,34000,35000,35000,35000,35000
POST,/survey,29355,0,8,48.56479802373381,2.0470544695854187,15249.955530278385,99.0,94.65836940894269,0.0,8,11,14,17,29,45,130,160,14000,15000,15000
,Aggregated,39692,0,10,1863.2089848455744,2.0470544695854187,117320.38847822696,91.39672981961101,127.99114285742644,0.0,10,17,22,29,74,160,33000,110000,117000,117000,117000
