Type,Name,Request Count,Failure Count,Median Response Time,Average Response Time,Min Response Time,Max Response Time,Average Content Size,Requests/s,Failures/s,50%,66%,75%,80%,90%,95%,98%,99%,99.9%,99.99%,100%
GET,/,9609,0,5,11.899761645572498,1.6351127997040749,182.2186317294836,8649.0,30.986820684284275,0.0,5,7,9,10,16,74,110,130,170,180,180
GET,/basket.html,9169,0,5,6.891620005550522,1.7311451956629753,97.76630438864231,23388.0,29.567921620793268,0.0,5,7,8,9,12,17,25,36,76,98,98
POST,/cart,56106,0,19,23.165243445304576,9.499073028564453,181.94477818906307,0.0,180.92897921869638,0.0,19,22,24,26,34,48,79,100,150,180,180
GET,/catalogue,9541,0,7,12.176766114272533,2.8970278799533844,153.4910136833787,2795.0,30.767536283562936,0.0,7,9,11,13,21,46,74,87,140,150,150
GET,/category.html,9542,0,5,10.056381424593429,1.6565946862101555,151.386933401227,11518.0,30.77076105416178,0.0,5,7,9,11,17,41,67,85,140,150,150
GET,/login,9607,0,56,59.19597625183342,7.1913618594408035,222.16010559350252,13.0,30.98037114308659,0.0,56,58,60,62,70,95,130,160,190,220,220
POST,/orders,9109,9109,63,62.12505568816762,12.961771339178085,295.41795514523983,227.0,29.374435384862675,29.374435384862675,63,66,68,70,76,84,110,130,200,300,300
,Aggregated,112683,9109,17,25.061212564362723,1.6351127997040749,295.41795514523983,3872.0774029800414,363.3768253894479,29.374435384862675,17,22,29,42,61,69,89,110,170,200,300
