Type,Name,Request Count,Failure Count,Median Response Time,Average Response Time,Min Response Time,Max Response Time,Average Content Size,Requests/s,Failures/s,50%,66%,75%,80%,90%,95%,98%,99%,99.9%,99.99%,100%
GET,/calculate,7332,0,23,56.90514108021802,9.618548676371574,604.0347525849938,18.0,23.69816406137302,0.0,23,27,50,82,170,220,290,360,570,600,600
GET,/transform,7390,0,87,96.39902475727307,63.13034985214472,369.67913154512644,36.0,23.885629079861786,0.0,87,94,100,110,130,160,190,220,330,370,370
,Aggregated,14722,0,77,76.72987959220258,9.618548676371574,604.0347525849938,27.035457138975683,47.58379314123481,0.0,77,88,95,100,140,190,250,300,530,600,600
