Type,Name,Request Count,Failure Count,Median Response Time,Average Response Time,Min Response Time,Max Response Time,Average Content Size,Requests/s,Failures/s,50%,66%,75%,80%,90%,95%,98%,99%,99.9%,99.99%,100%
GET,/createlayer,19241,0,21,38.645286945410554,3.1589334830641747,500.1722937449813,38.0,62.30503020682425,0.0,21,39,52,60,87,120,180,220,410,500,500
GET,/createproject,19122,0,45,78.41522833655816,9.784950874745846,560.3778222575784,102.0,61.91969168000069,0.0,45,96,130,140,180,210,250,290,530,550,560
POST,/survey,111882,0,8,16.332841116520605,1.7550289630889893,363.6508695781231,99.0,362.28945426952396,0.0,8,13,17,20,33,58,92,130,270,360,360
,Aggregated,150245,0,11,27.091622963605232,1.7550289630889893,560.3778222575784,91.56990249259543,486.5141761563489,0.0,11,18,25,32,70,120,180,210,370,530,560
