Type,Name,Request Count,Failure Count,Median Response Time,Average Response Time,Min Response Time,Max Response Time,Average Content Size,Requests/s,Failures/s,50%,66%,75%,80%,90%,95%,98%,99%,99.9%,99.99%,100%
GET,/,1923,0,5,7.938692474072325,1.8278593197464943,63.048241659998894,8649.0,6.223662719726565,0.0,5,6,8,9,14,27,50,53,63,63,63
GET,/basket.html,1842,0,6,6.741088363023457,2.172584645450115,52.372002974152565,23388.0,5.961511559925289,0.0,6,7,8,9,12,15,18,22,51,52,52
POST,/cart,11117,0,23,25.394543504254138,11.412574909627438,101.20526049286127,0.0,35.97943757420708,0.0,23,28,30,32,37,44,52,61,78,100,100
GET,/catalogue,1912,0,7,9.965535426691611,3.39631550014019,83.90055783092976,2795.0,6.188061944938737,0.0,7,9,11,12,18,23,33,52,74,84,84
GET,/category.html,1912,0,5,7.1523881494944375,1.9647367298603058,44.36018131673336,11518.0,6.188061944938737,0.0,5,7,8,9,14,19,24,28,44,44,44
GET,/login,1923,0,55,56.57611984674331,7.784795016050339,136.92601677030325,13.0,6.223662719726565,0.0,55,57,59,60,65,78,100,110,130,140,140
POST,/orders,1823,1823,63,56.58483252366591,14.9681456387043,259.9851805716753,227.0,5.900019312564496,5.900019312564496,63,67,70,71,77,82,96,110,260,260,260
,Aggregated,22452,1823,20,24.704873889307038,1.8278593197464943,259.9851805716753,3898.0045875645824,72.66441777602746,5.900019312564496,20,27,32,37,56,64,73,79,120,240,260
