Type,Name,Request Count,Failure Count,Median Response Time,Average Response Time,Min Response Time,Max Response Time,Average Content Size,Requests/s,Failures/s,50%,66%,75%,80%,90%,95%,98%,99%,99.9%,99.99%,100%
GET,/,15416,0,280.0,288.5955283291431,2.889285795390606,993.1828724220395,8649.0,49.86144926780783,0.0,280,320,350,370,420,470,520,560,780,910,990
GET,/basket.html,14549,0,300.0,298.70347333177733,2.70217377692461,637.1475523337722,23388.0,47.05722790589881,0.0,300,340,370,380,430,470,530,550,600,640,640
POST,/cart,88892,0,350.0,352.00537823245435,17.613066360354424,752.5149285793304,0.0,287.5119322985193,0.0,350,400,430,440,490,540,580,600,660,740,750
GET,/catalogue,15277,0,310.0,307.06428947652523,5.487377755343914,659.4214988872409,2795.0,49.411868219012725,0.0,310,350,380,390,450,490,540,570,630,660,660
GET,/category.html,15285,0,310.0,301.67357916853854,6.680749356746674,652.8067253530025,11518.0,49.437743387288705,0.0,310,350,370,390,430,470,520,560,620,650,650
GET,/login,15408,0,330.0,342.882770058522,31.87583666294813,742.5838559865952,13.0,49.835574099531854,0.0,330,380,420,440,500,550,600,620,670,740,740
POST,/orders,14427,14427,400.0,400.916444861538,37.340533919632435,807.4126541614532,227.0,46.662631589690164,46.662631589690164,400,440,470,490,540,580,630,660,740,800,810
,Aggregated,179254,14427,340.0,337.25634384208183,2.70217377692461,993.1828724220395,3881.821738984904,579.7784267677494,46.662631589690164,340,380,410,430,490,530,580,600,680,790,990
