Type,Name,Request Count,Failure Count,Median Response Time,Average Response Time,Min Response Time,Max Response Time,Average Content Size,Requests/s,Failures/s,50%,66%,75%,80%,90%,95%,98%,99%,99.9%,99.99%,100%
GET,/createlayer,9644,0,20,33.67847980448937,3.6449600011110306,336.5019718185067,38.0,31.16159795618939,0.0,20,38,49,57,76,93,120,140,330,340,340
GET,/createproject,9600,0,39,73.90363013158397,9.379248134791851,407.9416813328862,102.0,31.0194255889069,0.0,39,92,120,140,170,200,230,260,330,410,410
POST,/survey,56225,0,8,11.700357253012683,1.7720172181725502,223.5744073987007,99.0,181.67366705586358,0.0,8,11,14,16,23,30,46,70,150,200,220
,Aggregated,75469,0,10,22.421427275415596,1.7720172181725502,407.9416813328862,91.58657196994793,243.85469060095988,0.0,10,16,21,25,52,98,150,190,290,340,410
