Type,Name,Request Count,Failure Count,Median Response Time,Average Response Time,Min Response Time,Max Response Time,Average Content Size,Requests/s,Failures/s,50%,66%,75%,80%,90%,95%,98%,99%,99.9%,99.99%,100%
GET,/,15840,0,250.0,256.7201785523341,2.1814005449414253,943.3618634939194,8649.0,51.154805789889856,0.0,250,290,320,330,370,420,480,530,810,900,940
GET,/basket.html,14976,0,260.0,259.31756512559684,2.5498047471046448,598.3438286930323,23388.0,48.364543655895865,0.0,260,300,320,340,380,410,460,490,570,600,600
POST,/cart,91387,0,310.0,308.82371239390767,12.964491732418537,677.5149451568723,0.0,295.13158060105206,0.0,310,350,370,390,440,480,520,550,620,660,680
GET,/catalogue,15692,0,280.0,272.8744610422843,5.737930536270142,634.6493698656559,2795.0,50.67684422064089,0.0,280,310,340,350,400,440,490,510,600,630,630
GET,/category.html,15708,0,270.0,262.71791694978,4.683216102421284,622.9459783062339,11518.0,50.72851574164078,0.0,270,300,330,340,380,420,460,500,580,620,620
GET,/login,15822,0,310.0,311.92998209540394,25.72731953114271,713.9209369197488,13.0,51.09667532876498,0.0,310,350,380,400,450,500,550,580,670,710,710
POST,/orders,14856,14856,360.0,356.1711777600309,44.96487323194742,798.7258024513721,227.0,47.9770072483967,47.9770072483967,360,390,420,440,480,520,590,630,700,800,800
,Aggregated,184281,14856,300.0,297.41435288375425,2.1814005449414253,943.3618634939194,3883.3126041208807,595.1299725862812,47.9770072483967,300,340,360,380,430,470,520,550,650,810,940
