Type,Name,Request Count,Failure Count,Median Response Time,Average Response Time,Min Response Time,Max Response Time,Average Content Size,Requests/s,Failures/s,50%,66%,75%,80%,90%,95%,98%,99%,99.9%,99.99%,100%
GET,/calculate,34378,0,79,101.49558336210734,8.273131214082241,478.60896214842796,18.0,111.03112805544392,0.0,79,120,150,170,230,270,330,360,440,470,480
GET,/transform,34628,0,310.0,323.6870090786462,60.298713855445385,831.8040100857615,36.0,111.83855670207436,0.0,310,390,440,480,550,600,650,690,800,820,830
,Aggregated,69006,0,170.0,212.99378192038208,8.273131214082241,831.8040100857615,27.03260586035997,222.86968475751826,0.0,170,260,320,370,480,550,610,650,750,820,830
