Type,Name,Request Count,Failure Count,Median Response Time,Average Response Time,Min Response Time,Max Response Time,Average Content Size,Requests/s,Failures/s,50%,66%,75%,80%,90%,95%,98%,99%,99.9%,99.99%,100%
GET,/,1921,0,5,7.902600069931247,1.8840879201889038,67.10714381188154,8649.0,6.189186019094732,0.0,5,6,8,9,14,25,48,50,67,67,67
GET,/basket.html,1834,0,6,6.907053256758784,2.271636389195919,46.21439799666405,23388.0,5.908884517969671,0.0,6,7,8,9,12,15,19,23,39,46,46
POST,/cart,11202,0,27,28.36434179607701,11.971168220043182,109.27141830325127,0.0,36.09123466210265,0.0,27,31,33,35,41,47,55,61,88,100,110
GET,/catalogue,1911,0,9,11.319090975794506,3.721272572875023,79.87909764051437,2795.0,6.156967455747024,0.0,9,10,12,13,19,28,50,53,66,80,80
GET,/category.html,1911,0,6,7.747807922080542,1.9928812980651855,57.46865272521973,11518.0,6.156967455747024,0.0,6,7,9,10,15,19,25,29,51,57,57
GET,/login,1921,0,56,57.38170165617071,8.332131430506706,145.4433435574174,13.0,6.189186019094732,0.0,56,58,60,61,66,74,100,110,140,150,150
POST,/orders,1822,1822,65,57.83625321235798,15.895931050181389,137.27421313524246,227.0,5.870222241952422,5.870222241952422,65,69,71,73,78,84,90,96,130,140,140
,Aggregated,22522,1822,23,26.535411297182648,1.8840879201889038,145.4433435574174,3876.1669034721604,72.56264837170825,5.870222241952422,23,30,35,40,57,65,74,81,110,140,150
