Type,Name,Request Count,Failure Count,Median Response Time,Average Response Time,Min Response Time,Max Response Time,Average Content Size,Requests/s,Failures/s,50%,66%,75%,80%,90%,95%,98%,99%,99.9%,99.99%,100%
GET,/,1924,0,5,7.749422298930198,1.7921719700098038,71.62847276777029,8649.0,6.220207328623344,0.0,5,6,8,9,14,27,46,52,63,72,72
GET,/basket.html,1835,0,6,7.062002869287369,2.2117774933576584,52.635434083640575,23388.0,5.932474245334634,0.0,6,7,8,10,13,16,22,25,51,53,53
POST,/cart,11115,0,23,25.506590399262716,10.837024077773094,103.97554840892553,0.0,35.934305851168645,0.0,23,27,30,32,38,44,56,64,91,100,100
GET,/catalogue,1916,0,8,10.606814268684804,3.7457840517163277,70.70957310497761,2795.0,6.194343680687281,0.0,8,10,11,13,18,26,44,56,69,71,71
GET,/category.html,1916,0,6,7.657643161142451,1.8613701686263084,64.6545672789216,11518.0,6.194343680687281,0.0,6,7,9,10,15,20,29,36,51,65,65
GET,/login,1924,0,55,56.734422029125774,8.572064340114594,127.14832369238138,13.0,6.220207328623344,0.0,55,58,59,60,65,78,100,110,120,130,130
POST,/orders,1824,1824,64,57.28891045478042,15.120476484298706,151.5828762203455,227.0,5.896911729422547,5.896911729422547,64,68,70,72,78,84,95,100,140,150,150
,Aggregated,22454,1824,20,24.940817544544206,1.7921719700098038,151.5828762203455,3893.3118375345152,72.59279384454707,5.896911729422547,20,27,32,37,57,65,74,83,110,140,150
