Type,Name,Request Count,Failure Count,Median Response Time,Average Response Time,Min Response Time,Max Response Time,Average Content Size,Requests/s,Failures/s,50%,66%,75%,80%,90%,95%,98%,99%,99.9%,99.99%,100%
GET,/calculate,35553,0,33,56.601420559244296,8.150151930749416,490.0656724348664,18.0,114.8890980698211,0.0,33,52,68,82,130,190,250,290,400,480,490
GET,/transform,35796,0,210.0,231.75877387677974,61.80609483271837,831.1052545905113,36.0,115.67434968940219,0.0,210,260,300,320,390,460,530,570,810,820,830
,Aggregated,71349,0,110.0,144.47837215428416,8.150151930749416,831.1052545905113,27.030652146491192,230.5634477592233,0.0,110,180,220,250,320,400,480,530,740,820,830
