Type,Name,Request Count,Failure Count,Median Response Time,Average Response Time,Min Response Time,Max Response Time,Average Content Size,Requests/s,Failures/s,50%,66%,75%,80%,90%,95%,98%,99%,99.9%,99.99%,100%
GET,/calculate,7323,0,22,47.31312672953906,9.4230892136693,479.23782002180815,18.0,23.690180659414658,0.0,22,26,31,45,130,200,260,300,360,480,480
GET,/transform,7368,0,87,94.08219013452614,61.14432495087385,333.3683917298913,36.0,23.835757353347972,0.0,87,93,98,100,120,150,170,190,270,330,330
,Aggregated,14691,0,76,70.76928758774781,9.4230892136693,479.23782002180815,27.0275678987135,47.52593801276263,0.0,76,87,92,97,130,170,220,270,340,440,480
