Type,Name,Request Count,Failure Count,Median Response Time,Average Response Time,Min Response Time,Max Response Time,Average Content Size,Requests/s,Failures/s,50%,66%,75%,80%,90%,95%,98%,99%,99.9%,99.99%,100%
GET,/createlayer,9762,0,12,26.110288365828964,3.3535752445459366,299.25647377967834,38.0,31.53815496557638,0.0,12,21,33,42,63,85,120,130,290,300,300
GET,/createproject,9696,0,24,49.60815967429466,8.334904909133911,339.71517626196146,102.0,31.32492834933708,0.0,24,34,57,82,140,170,200,230,290,340,340
POST,/survey,56414,0,8,12.249353768657079,1.918211579322815,294.16241869330406,99.0,182.2570655836945,0.0,8,11,14,16,24,34,54,74,170,280,290
,Aggregated,75872,0,9,18.80699592384811,1.918211579322815,339.71517626196146,91.53487452551666,245.12014889860797,0.0,9,15,19,22,37,67,120,160,250,300,340
