Type,Name,Request Count,Failure Count,Median Response Time,Average Response Time,Min Response Time,Max Response Time,Average Content Size,Requests/s,Failures/s,50%,66%,75%,80%,90%,95%,98%,99%,99.9%,99.99%,100%
GET,/,1918,0,5,8.156334569073662,2.1188026294112206,62.92255409061909,8649.0,6.178751815500244,0.0,5,7,8,10,14,26,49,53,59,63,63
GET,/basket.html,1830,0,6,7.4246412575692755,2.2564446553587914,73.31164926290512,23388.0,5.895263723861026,0.0,6,8,9,10,13,16,21,24,60,73,73
POST,/cart,11210,0,26,27.452854723914673,11.225121095776558,88.98295368999243,0.0,36.112517128132296,0.0,26,30,32,34,40,47,56,62,79,85,89
GET,/catalogue,1904,0,9,10.992177973888783,3.781042993068695,74.91795159876347,2795.0,6.1336514372849145,0.0,9,10,12,14,19,27,39,52,61,75,75
GET,/category.html,1904,0,6,7.781437996328816,1.9958149641752243,63.729613088071346,11518.0,6.1336514372849145,0.0,6,7,9,10,16,20,26,30,63,64,64
GET,/login,1918,0,56,57.348618789345835,8.358988910913467,125.32264366745949,13.0,6.178751815500244,0.0,56,58,60,62,67,75,100,110,120,130,130
POST,/orders,1818,1818,65,58.55459994375214,15.329890884459019,125.89022889733315,227.0,5.8566062568193145,5.8566062568193145,65,69,72,74,80,87,92,99,130,130,130
,Aggregated,22502,1818,22,26.18297586894141,1.9958149641752243,125.89022889733315,3869.806861612301,72.48919361438296,5.8566062568193145,22,29,34,39,57,66,75,82,110,130,130
